DATAFLOW,LAST UPDATE,freq,c_resid,terrtypo,nace_r2,unit,geo,TIME_PERIOD,OBS_VALUE,OBS_FLAG,CONF_STATUS
ESTAT:TOUR_OCC_NINATDC(1.0),23/04/26 23:00:00,Annual,Total,Coastal areas,"Hotels; holiday and other short-stay accommodation; camping grounds, recreational vehicle parks and trailer parks",Number,Albania,2018,1610265,,
ESTAT:TOUR_OCC_NINATDC(1.0),23/04/26 23:00:00,Annual,Total,Coastal areas,"Hotels; holiday and other short-stay accommodation; camping grounds, recreational vehicle parks and trailer parks",Number,Albania,2019,1913448,,
ESTAT:TOUR_OCC_NINATDC(1.0),23/04/26 23:00:00,Annual,Total,Coastal areas,"Hotels; holiday and other short-stay accommodation; camping grounds, recreational vehicle parks and trailer parks",Number,Albania,2020,1091836,,
ESTAT:TOUR_OCC_NINATDC(1.0),23/04/26 23:00:00,Annual,Total,Coastal areas,"Hotels; holiday and other short-stay accommodation; camping grounds, recreational vehicle parks and trailer parks",Number,Albania,2021,2381810,,
ESTAT:TOUR_OCC_NINATDC(1.0),23/04/26 23:00:00,Annual,Total,Coastal areas,"Hotels; holiday and other short-stay accommodation; camping grounds, recreational vehicle parks and trailer parks",Number,Albania,2022,2723732,,
ESTAT:TOUR_OCC_NINATDC(1.0),23/04/26 23:00:00,Annual,Total,Coastal areas,"Hotels; holiday and other short-stay accommodation; camping grounds, recreational vehicle parks and trailer parks",Number,Albania,2023,4158964,,
ESTAT:TOUR_OCC_NINATDC(1.0),23/04/26 23:00:00,Annual,Total,Coastal areas,"Hotels; holiday and other short-stay accommodation; camping grounds, recreational vehicle parks and trailer parks",Number,Albania,2024,5008594,,
ESTAT:TOUR_OCC_NINATDC(1.0),23/04/26 23:00:00,Annual,Total,Coastal areas,"Hotels; holiday and other short-stay accommodation; camping grounds, recreational vehicle parks and trailer parks",Number,Austria,2012,0,,
ESTAT:TOUR_OCC_NINATDC(1.0),23/04/26 23:00:00,Annual,Total,Coastal areas,"Hotels; holiday and other short-stay accommodation; camping grounds, recreational vehicle parks and trailer parks",Number,Austria,2013,0,,
ESTAT:TOUR_OCC_NINATDC(1.0),23/04/26 23:00:00,Annual,Total,Coastal areas,"Hotels; holiday and other short-stay accommodation; camping grounds, recreational vehicle parks and trailer parks",Number,Austria,2014,0,,
ESTAT:TOUR_OCC_NINATDC(1.0),23/04/26 23:00:00,Annual,Total,Coastal areas,"Hotels; holiday and other short-stay accommodation; camping grounds, recreational vehicle parks and trailer parks",Number,Austria,2015,0,,
ESTAT:TOUR_OCC_NINATDC(1.0),23/04/26 23:00:00,Annual,Total,Coastal areas,"Hotels; holiday and other short-stay accommodation; camping grounds, recreational vehicle parks and trailer parks",Number,Austria,2016,0,,
ESTAT:TOUR_OCC_NINATDC(1.0),23/04/26 23:00:00,Annual,Total,Coastal areas,"Hotels; holiday and other short-stay accommodation; camping grounds, recreational vehicle parks and trailer parks",Number,Austria,2017,0,,
ESTAT:TOUR_OCC_NINATDC(1.0),23/04/26 23:00:00,Annual,Total,Coastal areas,"Hotels; holiday and other short-stay accommodation; camping grounds, recreational vehicle parks and trailer parks",Number,Austria,2018,0,,
ESTAT:TOUR_OCC_NINATDC(1.0),23/04/26 23:00:00,Annual,Total,Coastal areas,"Hotels; holiday and other short-stay accommodation; camping grounds, recreational vehicle parks and trailer parks",Number,Austria,2019,0,,
ESTAT:TOUR_OCC_NINATDC(1.0),23/04/26 23:00:00,Annual,Total,Coastal areas,"Hotels; holiday and other short-stay accommodation; camping grounds, recreational vehicle parks and trailer parks",Number,Austria,2020,0,,
ESTAT:TOUR_OCC_NINATDC(1.0),23/04/26 23:00:00,Annual,Total,Coastal areas,"Hotels; holiday and other short-stay accommodation; camping grounds, recreational vehicle parks and trailer parks",Number,Austria,2021,0,,
ESTAT:TOUR_OCC_NINATDC(1.0),23/04/26 23:00:00,Annual,Total,Coastal areas,"Hotels; holiday and other short-stay accommodation; camping grounds, recreational vehicle parks and trailer parks",Number,Austria,2022,0,,
ESTAT:TOUR_OCC_NINATDC(1.0),23/04/26 23:00:00,Annual,Total,Coastal areas,"Hotels; holiday and other short-stay accommodation; camping grounds, recreational vehicle parks and trailer parks",Number,Austria,2023,0,,
ESTAT:TOUR_OCC_NINATDC(1.0),23/04/26 23:00:00,Annual,Total,Coastal areas,"Hotels; holiday and other short-stay accommodation; camping grounds, recreational vehicle parks and trailer parks",Number,Austria,2024,0,,
ESTAT:TOUR_OCC_NINATDC(1.0),23/04/26 23:00:00,Annual,Total,Coastal areas,"Hotels; holiday and other short-stay accommodation; camping grounds, recreational vehicle parks and trailer parks",Number,Belgium,2012,6607348,,
ESTAT:TOUR_OCC_NINATDC(1.0),23/04/26 23:00:00,Annual,Total,Coastal areas,"Hotels; holiday and other short-stay accommodation; camping grounds, recreational vehicle parks and trailer parks",Number,Belgium,2013,6612208,,
ESTAT:TOUR_OCC_NINATDC(1.0),23/04/26 23:00:00,Annual,Total,Coastal areas,"Hotels; holiday and other short-stay accommodation; camping grounds, recreational vehicle parks and trailer parks",Number,Belgium,2014,6957317,,
ESTAT:TOUR_OCC_NINATDC(1.0),23/04/26 23:00:00,Annual,Total,Coastal areas,"Hotels; holiday and other short-stay accommodation; camping grounds, recreational vehicle parks and trailer parks",Number,Belgium,2015,8454289,,
ESTAT:TOUR_OCC_NINATDC(1.0),23/04/26 23:00:00,Annual,Total,Coastal areas,"Hotels; holiday and other short-stay accommodation; camping grounds, recreational vehicle parks and trailer parks",Number,Belgium,2016,8373621,,
ESTAT:TOUR_OCC_NINATDC(1.0),23/04/26 23:00:00,Annual,Total,Coastal areas,"Hotels; holiday and other short-stay accommodation; camping grounds, recreational vehicle parks and trailer parks",Number,Belgium,2017,8142814,,
ESTAT:TOUR_OCC_NINATDC(1.0),23/04/26 23:00:00,Annual,Total,Coastal areas,"Hotels; holiday and other short-stay accommodation; camping grounds, recreational vehicle parks and trailer parks",Number,Belgium,2018,8251783,,
ESTAT:TOUR_OCC_NINATDC(1.0),23/04/26 23:00:00,Annual,Total,Coastal areas,"Hotels; holiday and other short-stay accommodation; camping grounds, recreational vehicle parks and trailer parks",Number,Belgium,2019,8131800,,
ESTAT:TOUR_OCC_NINATDC(1.0),23/04/26 23:00:00,Annual,Total,Coastal areas,"Hotels; holiday and other short-stay accommodation; camping grounds, recreational vehicle parks and trailer parks",Number,Belgium,2020,5335996,,
ESTAT:TOUR_OCC_NINATDC(1.0),23/04/26 23:00:00,Annual,Total,Coastal areas,"Hotels; holiday and other short-stay accommodation; camping grounds, recreational vehicle parks and trailer parks",Number,Belgium,2021,8172595,,
ESTAT:TOUR_OCC_NINATDC(1.0),23/04/26 23:00:00,Annual,Total,Coastal areas,"Hotels; holiday and other short-stay accommodation; camping grounds, recreational vehicle parks and trailer parks",Number,Belgium,2022,8506119,,
ESTAT:TOUR_OCC_NINATDC(1.0),23/04/26 23:00:00,Annual,Total,Coastal areas,"Hotels; holiday and other short-stay accommodation; camping grounds, recreational vehicle parks and trailer parks",Number,Belgium,2023,8016146,,
ESTAT:TOUR_OCC_NINATDC(1.0),23/04/26 23:00:00,Annual,Total,Coastal areas,"Hotels; holiday and other short-stay accommodation; camping grounds, recreational vehicle parks and trailer parks",Number,Belgium,2024,7906071,,
ESTAT:TOUR_OCC_NINATDC(1.0),23/04/26 23:00:00,Annual,Total,Coastal areas,"Hotels; holiday and other short-stay accommodation; camping grounds, recreational vehicle parks and trailer parks",Number,Bulgaria,2012,13792828,,
ESTAT:TOUR_OCC_NINATDC(1.0),23/04/26 23:00:00,Annual,Total,Coastal areas,"Hotels; holiday and other short-stay accommodation; camping grounds, recreational vehicle parks and trailer parks",Number,Bulgaria,2013,14706418,,
ESTAT:TOUR_OCC_NINATDC(1.0),23/04/26 23:00:00,Annual,Total,Coastal areas,"Hotels; holiday and other short-stay accommodation; camping grounds, recreational vehicle parks and trailer parks",Number,Bulgaria,2014,14214770,,
ESTAT:TOUR_OCC_NINATDC(1.0),23/04/26 23:00:00,Annual,Total,Coastal areas,"Hotels; holiday and other short-stay accommodation; camping grounds, recreational vehicle parks and trailer parks",Number,Bulgaria,2015,13660772,,
ESTAT:TOUR_OCC_NINATDC(1.0),23/04/26 23:00:00,Annual,Total,Coastal areas,"Hotels; holiday and other short-stay accommodation; camping grounds, recreational vehicle parks and trailer parks",Number,Bulgaria,2016,16638478,,
ESTAT:TOUR_OCC_NINATDC(1.0),23/04/26 23:00:00,Annual,Total,Coastal areas,"Hotels; holiday and other short-stay accommodation; camping grounds, recreational vehicle parks and trailer parks",Number,Bulgaria,2017,17136282,,
ESTAT:TOUR_OCC_NINATDC(1.0),23/04/26 23:00:00,Annual,Total,Coastal areas,"Hotels; holiday and other short-stay accommodation; camping grounds, recreational vehicle parks and trailer parks",Number,Bulgaria,2018,17672414,,
ESTAT:TOUR_OCC_NINATDC(1.0),23/04/26 23:00:00,Annual,Total,Coastal areas,"Hotels; holiday and other short-stay accommodation; camping grounds, recreational vehicle parks and trailer parks",Number,Bulgaria,2019,17697977,,
ESTAT:TOUR_OCC_NINATDC(1.0),23/04/26 23:00:00,Annual,Total,Coastal areas,"Hotels; holiday and other short-stay accommodation; camping grounds, recreational vehicle parks and trailer parks",Number,Bulgaria,2020,6294974,,
ESTAT:TOUR_OCC_NINATDC(1.0),23/04/26 23:00:00,Annual,Total,Coastal areas,"Hotels; holiday and other short-stay accommodation; camping grounds, recreational vehicle parks and trailer parks",Number,Bulgaria,2021,10745190,,
ESTAT:TOUR_OCC_NINATDC(1.0),23/04/26 23:00:00,Annual,Total,Coastal areas,"Hotels; holiday and other short-stay accommodation; camping grounds, recreational vehicle parks and trailer parks",Number,Bulgaria,2022,14309503,,
ESTAT:TOUR_OCC_NINATDC(1.0),23/04/26 23:00:00,Annual,Total,Coastal areas,"Hotels; holiday and other short-stay accommodation; camping grounds, recreational vehicle parks and trailer parks",Number,Bulgaria,2023,15597432,,
ESTAT:TOUR_OCC_NINATDC(1.0),23/04/26 23:00:00,Annual,Total,Coastal areas,"Hotels; holiday and other short-stay accommodation; camping grounds, recreational vehicle parks and trailer parks",Number,Bulgaria,2024,16242957,,
ESTAT:TOUR_OCC_NINATDC(1.0),23/04/26 23:00:00,Annual,Total,Coastal areas,"Hotels; holiday and other short-stay accommodation; camping grounds, recreational vehicle parks and trailer parks",Number,Switzerland,2016,0,,
ESTAT:TOUR_OCC_NINATDC(1.0),23/04/26 23:00:00,Annual,Total,Coastal areas,"Hotels; holiday and other short-stay accommodation; camping grounds, recreational vehicle parks and trailer parks",Number,Switzerland,2017,0,,
ESTAT:TOUR_OCC_NINATDC(1.0),23/04/26 23:00:00,Annual,Total,Coastal areas,"Hotels; holiday and other short-stay accommodation; camping grounds, recreational vehicle parks and trailer parks",Number,Switzerland,2018,0,,
ESTAT:TOUR_OCC_NINATDC(1.0),23/04/26 23:00:00,Annual,Total,Coastal areas,"Hotels; holiday and other short-stay accommodation; camping grounds, recreational vehicle parks and trailer parks",Number,Switzerland,2019,0,,
ESTAT:TOUR_OCC_NINATDC(1.0),23/04/26 23:00:00,Annual,Total,Coastal areas,"Hotels; holiday and other short-stay accommodation; camping grounds, recreational vehicle parks and trailer parks",Number,Switzerland,2021,0,,
ESTAT:TOUR_OCC_NINATDC(1.0),23/04/26 23:00:00,Annual,Total,Coastal areas,"Hotels; holiday and other short-stay accommodation; camping grounds, recreational vehicle parks and trailer parks",Number,Switzerland,2022,0,,
ESTAT:TOUR_OCC_NINATDC(1.0),23/04/26 23:00:00,Annual,Total,Coastal areas,"Hotels; holiday and other short-stay accommodation; camping grounds, recreational vehicle parks and trailer parks",Number,Switzerland,2023,0,,
ESTAT:TOUR_OCC_NINATDC(1.0),23/04/26 23:00:00,Annual,Total,Coastal areas,"Hotels; holiday and other short-stay accommodation; camping grounds, recreational vehicle parks and trailer parks",Number,Switzerland,2024,0,,
ESTAT:TOUR_OCC_NINATDC(1.0),23/04/26 23:00:00,Annual,Total,Coastal areas,"Hotels; holiday and other short-stay accommodation; camping grounds, recreational vehicle parks and trailer parks",Number,Cyprus,2012,14576573,,
ESTAT:TOUR_OCC_NINATDC(1.0),23/04/26 23:00:00,Annual,Total,Coastal areas,"Hotels; holiday and other short-stay accommodation; camping grounds, recreational vehicle parks and trailer parks",Number,Cyprus,2013,14048528,,
ESTAT:TOUR_OCC_NINATDC(1.0),23/04/26 23:00:00,Annual,Total,Coastal areas,"Hotels; holiday and other short-stay accommodation; camping grounds, recreational vehicle parks and trailer parks",Number,Cyprus,2014,13715342,,
ESTAT:TOUR_OCC_NINATDC(1.0),23/04/26 23:00:00,Annual,Total,Coastal areas,"Hotels; holiday and other short-stay accommodation; camping grounds, recreational vehicle parks and trailer parks",Number,Cyprus,2015,12922422,,
ESTAT:TOUR_OCC_NINATDC(1.0),23/04/26 23:00:00,Annual,Total,Coastal areas,"Hotels; holiday and other short-stay accommodation; camping grounds, recreational vehicle parks and trailer parks",Number,Cyprus,2016,14863029,,
ESTAT:TOUR_OCC_NINATDC(1.0),23/04/26 23:00:00,Annual,Total,Coastal areas,"Hotels; holiday and other short-stay accommodation; camping grounds, recreational vehicle parks and trailer parks",Number,Cyprus,2017,16262242,,
ESTAT:TOUR_OCC_NINATDC(1.0),23/04/26 23:00:00,Annual,Total,Coastal areas,"Hotels; holiday and other short-stay accommodation; camping grounds, recreational vehicle parks and trailer parks",Number,Cyprus,2018,16632121,,
ESTAT:TOUR_OCC_NINATDC(1.0),23/04/26 23:00:00,Annual,Total,Coastal areas,"Hotels; holiday and other short-stay accommodation; camping grounds, recreational vehicle parks and trailer parks",Number,Cyprus,2019,17008099,,
ESTAT:TOUR_OCC_NINATDC(1.0),23/04/26 23:00:00,Annual,Total,Coastal areas,"Hotels; holiday and other short-stay accommodation; camping grounds, recreational vehicle parks and trailer parks",Number,Cyprus,2020,3425406,,
ESTAT:TOUR_OCC_NINATDC(1.0),23/04/26 23:00:00,Annual,Total,Coastal areas,"Hotels; holiday and other short-stay accommodation; camping grounds, recreational vehicle parks and trailer parks",Number,Cyprus,2021,9347922,,
ESTAT:TOUR_OCC_NINATDC(1.0),23/04/26 23:00:00,Annual,Total,Coastal areas,"Hotels; holiday and other short-stay accommodation; camping grounds, recreational vehicle parks and trailer parks",Number,Cyprus,2022,13770590,,
ESTAT:TOUR_OCC_NINATDC(1.0),23/04/26 23:00:00,Annual,Total,Coastal areas,"Hotels; holiday and other short-stay accommodation; camping grounds, recreational vehicle parks and trailer parks",Number,Cyprus,2023,15121071,,
ESTAT:TOUR_OCC_NINATDC(1.0),23/04/26 23:00:00,Annual,Total,Coastal areas,"Hotels; holiday and other short-stay accommodation; camping grounds, recreational vehicle parks and trailer parks",Number,Cyprus,2024,17351212,,
ESTAT:TOUR_OCC_NINATDC(1.0),23/04/26 23:00:00,Annual,Total,Coastal areas,"Hotels; holiday and other short-stay accommodation; camping grounds, recreational vehicle parks and trailer parks",Number,Czechia,2012,0,,
ESTAT:TOUR_OCC_NINATDC(1.0),23/04/26 23:00:00,Annual,Total,Coastal areas,"Hotels; holiday and other short-stay accommodation; camping grounds, recreational vehicle parks and trailer parks",Number,Czechia,2013,0,,
ESTAT:TOUR_OCC_NINATDC(1.0),23/04/26 23:00:00,Annual,Total,Coastal areas,"Hotels; holiday and other short-stay accommodation; camping grounds, recreational vehicle parks and trailer parks",Number,Czechia,2014,0,,
ESTAT:TOUR_OCC_NINATDC(1.0),23/04/26 23:00:00,Annual,Total,Coastal areas,"Hotels; holiday and other short-stay accommodation; camping grounds, recreational vehicle parks and trailer parks",Number,Czechia,2015,0,,
ESTAT:TOUR_OCC_NINATDC(1.0),23/04/26 23:00:00,Annual,Total,Coastal areas,"Hotels; holiday and other short-stay accommodation; camping grounds, recreational vehicle parks and trailer parks",Number,Czechia,2016,0,,
ESTAT:TOUR_OCC_NINATDC(1.0),23/04/26 23:00:00,Annual,Total,Coastal areas,"Hotels; holiday and other short-stay accommodation; camping grounds, recreational vehicle parks and trailer parks",Number,Czechia,2017,0,,
ESTAT:TOUR_OCC_NINATDC(1.0),23/04/26 23:00:00,Annual,Total,Coastal areas,"Hotels; holiday and other short-stay accommodation; camping grounds, recreational vehicle parks and trailer parks",Number,Czechia,2018,0,,
ESTAT:TOUR_OCC_NINATDC(1.0),23/04/26 23:00:00,Annual,Total,Coastal areas,"Hotels; holiday and other short-stay accommodation; camping grounds, recreational vehicle parks and trailer parks",Number,Czechia,2019,0,,
ESTAT:TOUR_OCC_NINATDC(1.0),23/04/26 23:00:00,Annual,Total,Coastal areas,"Hotels; holiday and other short-stay accommodation; camping grounds, recreational vehicle parks and trailer parks",Number,Czechia,2020,0,,
ESTAT:TOUR_OCC_NINATDC(1.0),23/04/26 23:00:00,Annual,Total,Coastal areas,"Hotels; holiday and other short-stay accommodation; camping grounds, recreational vehicle parks and trailer parks",Number,Czechia,2021,0,,
ESTAT:TOUR_OCC_NINATDC(1.0),23/04/26 23:00:00,Annual,Total,Coastal areas,"Hotels; holiday and other short-stay accommodation; camping grounds, recreational vehicle parks and trailer parks",Number,Czechia,2022,0,,
ESTAT:TOUR_OCC_NINATDC(1.0),23/04/26 23:00:00,Annual,Total,Coastal areas,"Hotels; holiday and other short-stay accommodation; camping grounds, recreational vehicle parks and trailer parks",Number,Czechia,2023,0,,
ESTAT:TOUR_OCC_NINATDC(1.0),23/04/26 23:00:00,Annual,Total,Coastal areas,"Hotels; holiday and other short-stay accommodation; camping grounds, recreational vehicle parks and trailer parks",Number,Czechia,2024,0,,
ESTAT:TOUR_OCC_NINATDC(1.0),23/04/26 23:00:00,Annual,Total,Coastal areas,"Hotels; holiday and other short-stay accommodation; camping grounds, recreational vehicle parks and trailer parks",Number,Germany,2012,60749736,,
ESTAT:TOUR_OCC_NINATDC(1.0),23/04/26 23:00:00,Annual,Total,Coastal areas,"Hotels; holiday and other short-stay accommodation; camping grounds, recreational vehicle parks and trailer parks",Number,Germany,2013,61978647,,
ESTAT:TOUR_OCC_NINATDC(1.0),23/04/26 23:00:00,Annual,Total,Coastal areas,"Hotels; holiday and other short-stay accommodation; camping grounds, recreational vehicle parks and trailer parks",Number,Germany,2014,64408483,,
ESTAT:TOUR_OCC_NINATDC(1.0),23/04/26 23:00:00,Annual,Total,Coastal areas,"Hotels; holiday and other short-stay accommodation; camping grounds, recreational vehicle parks and trailer parks",Number,Germany,2015,66960061,,
ESTAT:TOUR_OCC_NINATDC(1.0),23/04/26 23:00:00,Annual,Total,Coastal areas,"Hotels; holiday and other short-stay accommodation; camping grounds, recreational vehicle parks and trailer parks",Number,Germany,2016,70180206,,
ESTAT:TOUR_OCC_NINATDC(1.0),23/04/26 23:00:00,Annual,Total,Coastal areas,"Hotels; holiday and other short-stay accommodation; camping grounds, recreational vehicle parks and trailer parks",Number,Germany,2017,71958743,,
ESTAT:TOUR_OCC_NINATDC(1.0),23/04/26 23:00:00,Annual,Total,Coastal areas,"Hotels; holiday and other short-stay accommodation; camping grounds, recreational vehicle parks and trailer parks",Number,Germany,2018,78474358,,
ESTAT:TOUR_OCC_NINATDC(1.0),23/04/26 23:00:00,Annual,Total,Coastal areas,"Hotels; holiday and other short-stay accommodation; camping grounds, recreational vehicle parks and trailer parks",Number,Germany,2019,84300368,,
ESTAT:TOUR_OCC_NINATDC(1.0),23/04/26 23:00:00,Annual,Total,Coastal areas,"Hotels; holiday and other short-stay accommodation; camping grounds, recreational vehicle parks and trailer parks",Number,Germany,2020,60227948,,
ESTAT:TOUR_OCC_NINATDC(1.0),23/04/26 23:00:00,Annual,Total,Coastal areas,"Hotels; holiday and other short-stay accommodation; camping grounds, recreational vehicle parks and trailer parks",Number,Germany,2021,62667889,,
ESTAT:TOUR_OCC_NINATDC(1.0),23/04/26 23:00:00,Annual,Total,Coastal areas,"Hotels; holiday and other short-stay accommodation; camping grounds, recreational vehicle parks and trailer parks",Number,Germany,2022,80399034,,
ESTAT:TOUR_OCC_NINATDC(1.0),23/04/26 23:00:00,Annual,Total,Coastal areas,"Hotels; holiday and other short-stay accommodation; camping grounds, recreational vehicle parks and trailer parks",Number,Germany,2023,81565150,,
ESTAT:TOUR_OCC_NINATDC(1.0),23/04/26 23:00:00,Annual,Total,Coastal areas,"Hotels; holiday and other short-stay accommodation; camping grounds, recreational vehicle parks and trailer parks",Number,Germany,2024,85296166,,
ESTAT:TOUR_OCC_NINATDC(1.0),23/04/26 23:00:00,Annual,Total,Coastal areas,"Hotels; holiday and other short-stay accommodation; camping grounds, recreational vehicle parks and trailer parks",Number,Denmark,2012,25463303,,
ESTAT:TOUR_OCC_NINATDC(1.0),23/04/26 23:00:00,Annual,Total,Coastal areas,"Hotels; holiday and other short-stay accommodation; camping grounds, recreational vehicle parks and trailer parks",Number,Denmark,2013,25903745,,
ESTAT:TOUR_OCC_NINATDC(1.0),23/04/26 23:00:00,Annual,Total,Coastal areas,"Hotels; holiday and other short-stay accommodation; camping grounds, recreational vehicle parks and trailer parks",Number,Denmark,2014,27027381,,
ESTAT:TOUR_OCC_NINATDC(1.0),23/04/26 23:00:00,Annual,Total,Coastal areas,"Hotels; holiday and other short-stay accommodation; camping grounds, recreational vehicle parks and trailer parks",Number,Denmark,2015,28076340,,
ESTAT:TOUR_OCC_NINATDC(1.0),23/04/26 23:00:00,Annual,Total,Coastal areas,"Hotels; holiday and other short-stay accommodation; camping grounds, recreational vehicle parks and trailer parks",Number,Denmark,2016,29085410,,
ESTAT:TOUR_OCC_NINATDC(1.0),23/04/26 23:00:00,Annual,Total,Coastal areas,"Hotels; holiday and other short-stay accommodation; camping grounds, recreational vehicle parks and trailer parks",Number,Denmark,2017,29266628,,
ESTAT:TOUR_OCC_NINATDC(1.0),23/04/26 23:00:00,Annual,Total,Coastal areas,"Hotels; holiday and other short-stay accommodation; camping grounds, recreational vehicle parks and trailer parks",Number,Denmark,2018,30396126,,
ESTAT:TOUR_OCC_NINATDC(1.0),23/04/26 23:00:00,Annual,Total,Coastal areas,"Hotels; holiday and other short-stay accommodation; camping grounds, recreational vehicle parks and trailer parks",Number,Denmark,2019,31339817,,
ESTAT:TOUR_OCC_NINATDC(1.0),23/04/26 23:00:00,Annual,Total,Coastal areas,"Hotels; holiday and other short-stay accommodation; camping grounds, recreational vehicle parks and trailer parks",Number,Denmark,2020,21771215,,
ESTAT:TOUR_OCC_NINATDC(1.0),23/04/26 23:00:00,Annual,Total,Coastal areas,"Hotels; holiday and other short-stay accommodation; camping grounds, recreational vehicle parks and trailer parks",Number,Denmark,2021,26308296,,
ESTAT:TOUR_OCC_NINATDC(1.0),23/04/26 23:00:00,Annual,Total,Coastal areas,"Hotels; holiday and other short-stay accommodation; camping grounds, recreational vehicle parks and trailer parks",Number,Denmark,2022,35170285,,
ESTAT:TOUR_OCC_NINATDC(1.0),23/04/26 23:00:00,Annual,Total,Coastal areas,"Hotels; holiday and other short-stay accommodation; camping grounds, recreational vehicle parks and trailer parks",Number,Denmark,2023,35701307,,
ESTAT:TOUR_OCC_NINATDC(1.0),23/04/26 23:00:00,Annual,Total,Coastal areas,"Hotels; holiday and other short-stay accommodation; camping grounds, recreational vehicle parks and trailer parks",Number,Denmark,2024,36503865,,
ESTAT:TOUR_OCC_NINATDC(1.0),23/04/26 23:00:00,Annual,Total,Coastal areas,"Hotels; holiday and other short-stay accommodation; camping grounds, recreational vehicle parks and trailer parks",Number,Estonia,2012,4396921,,
ESTAT:TOUR_OCC_NINATDC(1.0),23/04/26 23:00:00,Annual,Total,Coastal areas,"Hotels; holiday and other short-stay accommodation; camping grounds, recreational vehicle parks and trailer parks",Number,Estonia,2013,4512256,,
ESTAT:TOUR_OCC_NINATDC(1.0),23/04/26 23:00:00,Annual,Total,Coastal areas,"Hotels; holiday and other short-stay accommodation; camping grounds, recreational vehicle parks and trailer parks",Number,Estonia,2014,4584215,,
ESTAT:TOUR_OCC_NINATDC(1.0),23/04/26 23:00:00,Annual,Total,Coastal areas,"Hotels; holiday and other short-stay accommodation; camping grounds, recreational vehicle parks and trailer parks",Number,Estonia,2015,4555031,,
ESTAT:TOUR_OCC_NINATDC(1.0),23/04/26 23:00:00,Annual,Total,Coastal areas,"Hotels; holiday and other short-stay accommodation; camping grounds, recreational vehicle parks and trailer parks",Number,Estonia,2016,4894564,,
ESTAT:TOUR_OCC_NINATDC(1.0),23/04/26 23:00:00,Annual,Total,Coastal areas,"Hotels; holiday and other short-stay accommodation; camping grounds, recreational vehicle parks and trailer parks",Number,Estonia,2017,5053369,,
ESTAT:TOUR_OCC_NINATDC(1.0),23/04/26 23:00:00,Annual,Total,Coastal areas,"Hotels; holiday and other short-stay accommodation; camping grounds, recreational vehicle parks and trailer parks",Number,Estonia,2018,5146135,,
ESTAT:TOUR_OCC_NINATDC(1.0),23/04/26 23:00:00,Annual,Total,Coastal areas,"Hotels; holiday and other short-stay accommodation; camping grounds, recreational vehicle parks and trailer parks",Number,Estonia,2019,5407505,,
ESTAT:TOUR_OCC_NINATDC(1.0),23/04/26 23:00:00,Annual,Total,Coastal areas,"Hotels; holiday and other short-stay accommodation; camping grounds, recreational vehicle parks and trailer parks",Number,Estonia,2020,2590184,,
ESTAT:TOUR_OCC_NINATDC(1.0),23/04/26 23:00:00,Annual,Total,Coastal areas,"Hotels; holiday and other short-stay accommodation; camping grounds, recreational vehicle parks and trailer parks",Number,Estonia,2021,2781841,,
ESTAT:TOUR_OCC_NINATDC(1.0),23/04/26 23:00:00,Annual,Total,Coastal areas,"Hotels; holiday and other short-stay accommodation; camping grounds, recreational vehicle parks and trailer parks",Number,Estonia,2022,4478925,,
ESTAT:TOUR_OCC_NINATDC(1.0),23/04/26 23:00:00,Annual,Total,Coastal areas,"Hotels; holiday and other short-stay accommodation; camping grounds, recreational vehicle parks and trailer parks",Number,Estonia,2023,4903860,,
ESTAT:TOUR_OCC_NINATDC(1.0),23/04/26 23:00:00,Annual,Total,Coastal areas,"Hotels; holiday and other short-stay accommodation; camping grounds, recreational vehicle parks and trailer parks",Number,Estonia,2024,5186448,,
ESTAT:TOUR_OCC_NINATDC(1.0),23/04/26 23:00:00,Annual,Total,Coastal areas,"Hotels; holiday and other short-stay accommodation; camping grounds, recreational vehicle parks and trailer parks",Number,Greece,2012,76599740,,
ESTAT:TOUR_OCC_NINATDC(1.0),23/04/26 23:00:00,Annual,Total,Coastal areas,"Hotels; holiday and other short-stay accommodation; camping grounds, recreational vehicle parks and trailer parks",Number,Greece,2013,85040610,,
ESTAT:TOUR_OCC_NINATDC(1.0),23/04/26 23:00:00,Annual,Total,Coastal areas,"Hotels; holiday and other short-stay accommodation; camping grounds, recreational vehicle parks and trailer parks",Number,Greece,2014,96052779,,
ESTAT:TOUR_OCC_NINATDC(1.0),23/04/26 23:00:00,Annual,Total,Coastal areas,"Hotels; holiday and other short-stay accommodation; camping grounds, recreational vehicle parks and trailer parks",Number,Greece,2015,101455892,,
ESTAT:TOUR_OCC_NINATDC(1.0),23/04/26 23:00:00,Annual,Total,Coastal areas,"Hotels; holiday and other short-stay accommodation; camping grounds, recreational vehicle parks and trailer parks",Number,Greece,2016,105362454,,
ESTAT:TOUR_OCC_NINATDC(1.0),23/04/26 23:00:00,Annual,Total,Coastal areas,"Hotels; holiday and other short-stay accommodation; camping grounds, recreational vehicle parks and trailer parks",Number,Greece,2017,113779052,,
ESTAT:TOUR_OCC_NINATDC(1.0),23/04/26 23:00:00,Annual,Total,Coastal areas,"Hotels; holiday and other short-stay accommodation; camping grounds, recreational vehicle parks and trailer parks",Number,Greece,2018,136934459,,
ESTAT:TOUR_OCC_NINATDC(1.0),23/04/26 23:00:00,Annual,Total,Coastal areas,"Hotels; holiday and other short-stay accommodation; camping grounds, recreational vehicle parks and trailer parks",Number,Greece,2019,137483702,,
ESTAT:TOUR_OCC_NINATDC(1.0),23/04/26 23:00:00,Annual,Total,Coastal areas,"Hotels; holiday and other short-stay accommodation; camping grounds, recreational vehicle parks and trailer parks",Number,Greece,2020,36379160,,
ESTAT:TOUR_OCC_NINATDC(1.0),23/04/26 23:00:00,Annual,Total,Coastal areas,"Hotels; holiday and other short-stay accommodation; camping grounds, recreational vehicle parks and trailer parks",Number,Greece,2021,71083676,,
ESTAT:TOUR_OCC_NINATDC(1.0),23/04/26 23:00:00,Annual,Total,Coastal areas,"Hotels; holiday and other short-stay accommodation; camping grounds, recreational vehicle parks and trailer parks",Number,Greece,2022,127323005,,
ESTAT:TOUR_OCC_NINATDC(1.0),23/04/26 23:00:00,Annual,Total,Coastal areas,"Hotels; holiday and other short-stay accommodation; camping grounds, recreational vehicle parks and trailer parks",Number,Greece,2023,141049901,,
ESTAT:TOUR_OCC_NINATDC(1.0),23/04/26 23:00:00,Annual,Total,Coastal areas,"Hotels; holiday and other short-stay accommodation; camping grounds, recreational vehicle parks and trailer parks",Number,Greece,2024,146671200,,
ESTAT:TOUR_OCC_NINATDC(1.0),23/04/26 23:00:00,Annual,Total,Coastal areas,"Hotels; holiday and other short-stay accommodation; camping grounds, recreational vehicle parks and trailer parks",Number,Spain,2012,303005138,,
ESTAT:TOUR_OCC_NINATDC(1.0),23/04/26 23:00:00,Annual,Total,Coastal areas,"Hotels; holiday and other short-stay accommodation; camping grounds, recreational vehicle parks and trailer parks",Number,Spain,2013,310029676,,
ESTAT:TOUR_OCC_NINATDC(1.0),23/04/26 23:00:00,Annual,Total,Coastal areas,"Hotels; holiday and other short-stay accommodation; camping grounds, recreational vehicle parks and trailer parks",Number,Spain,2014,317915758,,
ESTAT:TOUR_OCC_NINATDC(1.0),23/04/26 23:00:00,Annual,Total,Coastal areas,"Hotels; holiday and other short-stay accommodation; camping grounds, recreational vehicle parks and trailer parks",Number,Spain,2015,328697929,,
ESTAT:TOUR_OCC_NINATDC(1.0),23/04/26 23:00:00,Annual,Total,Coastal areas,"Hotels; holiday and other short-stay accommodation; camping grounds, recreational vehicle parks and trailer parks",Number,Spain,2016,354247335,,
ESTAT:TOUR_OCC_NINATDC(1.0),23/04/26 23:00:00,Annual,Total,Coastal areas,"Hotels; holiday and other short-stay accommodation; camping grounds, recreational vehicle parks and trailer parks",Number,Spain,2017,365084742,,
ESTAT:TOUR_OCC_NINATDC(1.0),23/04/26 23:00:00,Annual,Total,Coastal areas,"Hotels; holiday and other short-stay accommodation; camping grounds, recreational vehicle parks and trailer parks",Number,Spain,2018,358344177,,
ESTAT:TOUR_OCC_NINATDC(1.0),23/04/26 23:00:00,Annual,Total,Coastal areas,"Hotels; holiday and other short-stay accommodation; camping grounds, recreational vehicle parks and trailer parks",Number,Spain,2019,356247921,,
ESTAT:TOUR_OCC_NINATDC(1.0),23/04/26 23:00:00,Annual,Total,Coastal areas,"Hotels; holiday and other short-stay accommodation; camping grounds, recreational vehicle parks and trailer parks",Number,Spain,2020,98763855,,
ESTAT:TOUR_OCC_NINATDC(1.0),23/04/26 23:00:00,Annual,Total,Coastal areas,"Hotels; holiday and other short-stay accommodation; camping grounds, recreational vehicle parks and trailer parks",Number,Spain,2021,185370019,,
ESTAT:TOUR_OCC_NINATDC(1.0),23/04/26 23:00:00,Annual,Total,Coastal areas,"Hotels; holiday and other short-stay accommodation; camping grounds, recreational vehicle parks and trailer parks",Number,Spain,2022,339254985,,
ESTAT:TOUR_OCC_NINATDC(1.0),23/04/26 23:00:00,Annual,Total,Coastal areas,"Hotels; holiday and other short-stay accommodation; camping grounds, recreational vehicle parks and trailer parks",Number,Spain,2023,363035830,,
ESTAT:TOUR_OCC_NINATDC(1.0),23/04/26 23:00:00,Annual,Total,Coastal areas,"Hotels; holiday and other short-stay accommodation; camping grounds, recreational vehicle parks and trailer parks",Number,Spain,2024,379135383,,
ESTAT:TOUR_OCC_NINATDC(1.0),23/04/26 23:00:00,Annual,Total,Coastal areas,"Hotels; holiday and other short-stay accommodation; camping grounds, recreational vehicle parks and trailer parks",Number,Finland,2012,7788601,,
ESTAT:TOUR_OCC_NINATDC(1.0),23/04/26 23:00:00,Annual,Total,Coastal areas,"Hotels; holiday and other short-stay accommodation; camping grounds, recreational vehicle parks and trailer parks",Number,Finland,2013,7613322,,
ESTAT:TOUR_OCC_NINATDC(1.0),23/04/26 23:00:00,Annual,Total,Coastal areas,"Hotels; holiday and other short-stay accommodation; camping grounds, recreational vehicle parks and trailer parks",Number,Finland,2014,7608413,,
ESTAT:TOUR_OCC_NINATDC(1.0),23/04/26 23:00:00,Annual,Total,Coastal areas,"Hotels; holiday and other short-stay accommodation; camping grounds, recreational vehicle parks and trailer parks",Number,Finland,2015,7784103,,
ESTAT:TOUR_OCC_NINATDC(1.0),23/04/26 23:00:00,Annual,Total,Coastal areas,"Hotels; holiday and other short-stay accommodation; camping grounds, recreational vehicle parks and trailer parks",Number,Finland,2016,7813239,,
ESTAT:TOUR_OCC_NINATDC(1.0),23/04/26 23:00:00,Annual,Total,Coastal areas,"Hotels; holiday and other short-stay accommodation; camping grounds, recreational vehicle parks and trailer parks",Number,Finland,2017,8747752,,
ESTAT:TOUR_OCC_NINATDC(1.0),23/04/26 23:00:00,Annual,Total,Coastal areas,"Hotels; holiday and other short-stay accommodation; camping grounds, recreational vehicle parks and trailer parks",Number,Finland,2018,8751880,,
ESTAT:TOUR_OCC_NINATDC(1.0),23/04/26 23:00:00,Annual,Total,Coastal areas,"Hotels; holiday and other short-stay accommodation; camping grounds, recreational vehicle parks and trailer parks",Number,Finland,2019,9158833,,
ESTAT:TOUR_OCC_NINATDC(1.0),23/04/26 23:00:00,Annual,Total,Coastal areas,"Hotels; holiday and other short-stay accommodation; camping grounds, recreational vehicle parks and trailer parks",Number,Finland,2020,4823197,,
ESTAT:TOUR_OCC_NINATDC(1.0),23/04/26 23:00:00,Annual,Total,Coastal areas,"Hotels; holiday and other short-stay accommodation; camping grounds, recreational vehicle parks and trailer parks",Number,Finland,2021,6102740,,
ESTAT:TOUR_OCC_NINATDC(1.0),23/04/26 23:00:00,Annual,Total,Coastal areas,"Hotels; holiday and other short-stay accommodation; camping grounds, recreational vehicle parks and trailer parks",Number,Finland,2022,8495450,,
ESTAT:TOUR_OCC_NINATDC(1.0),23/04/26 23:00:00,Annual,Total,Coastal areas,"Hotels; holiday and other short-stay accommodation; camping grounds, recreational vehicle parks and trailer parks",Number,Finland,2023,8921508,,
ESTAT:TOUR_OCC_NINATDC(1.0),23/04/26 23:00:00,Annual,Total,Coastal areas,"Hotels; holiday and other short-stay accommodation; camping grounds, recreational vehicle parks and trailer parks",Number,Finland,2024,9289880,,
ESTAT:TOUR_OCC_NINATDC(1.0),23/04/26 23:00:00,Annual,Total,Coastal areas,"Hotels; holiday and other short-stay accommodation; camping grounds, recreational vehicle parks and trailer parks",Number,France,2012,131765215,,
ESTAT:TOUR_OCC_NINATDC(1.0),23/04/26 23:00:00,Annual,Total,Coastal areas,"Hotels; holiday and other short-stay accommodation; camping grounds, recreational vehicle parks and trailer parks",Number,France,2013,139076596,,
ESTAT:TOUR_OCC_NINATDC(1.0),23/04/26 23:00:00,Annual,Total,Coastal areas,"Hotels; holiday and other short-stay accommodation; camping grounds, recreational vehicle parks and trailer parks",Number,France,2014,137106376,,
ESTAT:TOUR_OCC_NINATDC(1.0),23/04/26 23:00:00,Annual,Total,Coastal areas,"Hotels; holiday and other short-stay accommodation; camping grounds, recreational vehicle parks and trailer parks",Number,France,2015,141504608,,
ESTAT:TOUR_OCC_NINATDC(1.0),23/04/26 23:00:00,Annual,Total,Coastal areas,"Hotels; holiday and other short-stay accommodation; camping grounds, recreational vehicle parks and trailer parks",Number,France,2016,138120111,,
ESTAT:TOUR_OCC_NINATDC(1.0),23/04/26 23:00:00,Annual,Total,Coastal areas,"Hotels; holiday and other short-stay accommodation; camping grounds, recreational vehicle parks and trailer parks",Number,France,2017,149143107,,
ESTAT:TOUR_OCC_NINATDC(1.0),23/04/26 23:00:00,Annual,Total,Coastal areas,"Hotels; holiday and other short-stay accommodation; camping grounds, recreational vehicle parks and trailer parks",Number,France,2018,150915190,,
ESTAT:TOUR_OCC_NINATDC(1.0),23/04/26 23:00:00,Annual,Total,Coastal areas,"Hotels; holiday and other short-stay accommodation; camping grounds, recreational vehicle parks and trailer parks",Number,France,2019,153527498,,
ESTAT:TOUR_OCC_NINATDC(1.0),23/04/26 23:00:00,Annual,Total,Coastal areas,"Hotels; holiday and other short-stay accommodation; camping grounds, recreational vehicle parks and trailer parks",Number,France,2020,99531691,,
ESTAT:TOUR_OCC_NINATDC(1.0),23/04/26 23:00:00,Annual,Total,Coastal areas,"Hotels; holiday and other short-stay accommodation; camping grounds, recreational vehicle parks and trailer parks",Number,France,2021,127500420,,
ESTAT:TOUR_OCC_NINATDC(1.0),23/04/26 23:00:00,Annual,Total,Coastal areas,"Hotels; holiday and other short-stay accommodation; camping grounds, recreational vehicle parks and trailer parks",Number,France,2022,160688277,,
ESTAT:TOUR_OCC_NINATDC(1.0),23/04/26 23:00:00,Annual,Total,Coastal areas,"Hotels; holiday and other short-stay accommodation; camping grounds, recreational vehicle parks and trailer parks",Number,France,2023,163107273,,
ESTAT:TOUR_OCC_NINATDC(1.0),23/04/26 23:00:00,Annual,Total,Coastal areas,"Hotels; holiday and other short-stay accommodation; camping grounds, recreational vehicle parks and trailer parks",Number,France,2024,161271994,,
ESTAT:TOUR_OCC_NINATDC(1.0),23/04/26 23:00:00,Annual,Total,Coastal areas,"Hotels; holiday and other short-stay accommodation; camping grounds, recreational vehicle parks and trailer parks",Number,Croatia,2012,59097785,,
ESTAT:TOUR_OCC_NINATDC(1.0),23/04/26 23:00:00,Annual,Total,Coastal areas,"Hotels; holiday and other short-stay accommodation; camping grounds, recreational vehicle parks and trailer parks",Number,Croatia,2013,60935578,,
ESTAT:TOUR_OCC_NINATDC(1.0),23/04/26 23:00:00,Annual,Total,Coastal areas,"Hotels; holiday and other short-stay accommodation; camping grounds, recreational vehicle parks and trailer parks",Number,Croatia,2014,62319476,,
ESTAT:TOUR_OCC_NINATDC(1.0),23/04/26 23:00:00,Annual,Total,Coastal areas,"Hotels; holiday and other short-stay accommodation; camping grounds, recreational vehicle parks and trailer parks",Number,Croatia,2015,66898819,,
ESTAT:TOUR_OCC_NINATDC(1.0),23/04/26 23:00:00,Annual,Total,Coastal areas,"Hotels; holiday and other short-stay accommodation; camping grounds, recreational vehicle parks and trailer parks",Number,Croatia,2016,72628179,,
ESTAT:TOUR_OCC_NINATDC(1.0),23/04/26 23:00:00,Annual,Total,Coastal areas,"Hotels; holiday and other short-stay accommodation; camping grounds, recreational vehicle parks and trailer parks",Number,Croatia,2017,80238418,,
ESTAT:TOUR_OCC_NINATDC(1.0),23/04/26 23:00:00,Annual,Total,Coastal areas,"Hotels; holiday and other short-stay accommodation; camping grounds, recreational vehicle parks and trailer parks",Number,Croatia,2018,83106159,,
ESTAT:TOUR_OCC_NINATDC(1.0),23/04/26 23:00:00,Annual,Total,Coastal areas,"Hotels; holiday and other short-stay accommodation; camping grounds, recreational vehicle parks and trailer parks",Number,Croatia,2019,84368567,,
ESTAT:TOUR_OCC_NINATDC(1.0),23/04/26 23:00:00,Annual,Total,Coastal areas,"Hotels; holiday and other short-stay accommodation; camping grounds, recreational vehicle parks and trailer parks",Number,Croatia,2020,38133665,,
ESTAT:TOUR_OCC_NINATDC(1.0),23/04/26 23:00:00,Annual,Total,Coastal areas,"Hotels; holiday and other short-stay accommodation; camping grounds, recreational vehicle parks and trailer parks",Number,Croatia,2021,65747983,,
ESTAT:TOUR_OCC_NINATDC(1.0),23/04/26 23:00:00,Annual,Total,Coastal areas,"Hotels; holiday and other short-stay accommodation; camping grounds, recreational vehicle parks and trailer parks",Number,Croatia,2022,83710124,,
ESTAT:TOUR_OCC_NINATDC(1.0),23/04/26 23:00:00,Annual,Total,Coastal areas,"Hotels; holiday and other short-stay accommodation; camping grounds, recreational vehicle parks and trailer parks",Number,Croatia,2023,85325187,,
ESTAT:TOUR_OCC_NINATDC(1.0),23/04/26 23:00:00,Annual,Total,Coastal areas,"Hotels; holiday and other short-stay accommodation; camping grounds, recreational vehicle parks and trailer parks",Number,Croatia,2024,86389904,,
ESTAT:TOUR_OCC_NINATDC(1.0),23/04/26 23:00:00,Annual,Total,Coastal areas,"Hotels; holiday and other short-stay accommodation; camping grounds, recreational vehicle parks and trailer parks",Number,Hungary,2012,0,,
ESTAT:TOUR_OCC_NINATDC(1.0),23/04/26 23:00:00,Annual,Total,Coastal areas,"Hotels; holiday and other short-stay accommodation; camping grounds, recreational vehicle parks and trailer parks",Number,Hungary,2013,0,,
ESTAT:TOUR_OCC_NINATDC(1.0),23/04/26 23:00:00,Annual,Total,Coastal areas,"Hotels; holiday and other short-stay accommodation; camping grounds, recreational vehicle parks and trailer parks",Number,Hungary,2014,0,,
ESTAT:TOUR_OCC_NINATDC(1.0),23/04/26 23:00:00,Annual,Total,Coastal areas,"Hotels; holiday and other short-stay accommodation; camping grounds, recreational vehicle parks and trailer parks",Number,Hungary,2015,0,,
ESTAT:TOUR_OCC_NINATDC(1.0),23/04/26 23:00:00,Annual,Total,Coastal areas,"Hotels; holiday and other short-stay accommodation; camping grounds, recreational vehicle parks and trailer parks",Number,Hungary,2016,0,,
ESTAT:TOUR_OCC_NINATDC(1.0),23/04/26 23:00:00,Annual,Total,Coastal areas,"Hotels; holiday and other short-stay accommodation; camping grounds, recreational vehicle parks and trailer parks",Number,Hungary,2017,0,,
ESTAT:TOUR_OCC_NINATDC(1.0),23/04/26 23:00:00,Annual,Total,Coastal areas,"Hotels; holiday and other short-stay accommodation; camping grounds, recreational vehicle parks and trailer parks",Number,Hungary,2018,0,,
ESTAT:TOUR_OCC_NINATDC(1.0),23/04/26 23:00:00,Annual,Total,Coastal areas,"Hotels; holiday and other short-stay accommodation; camping grounds, recreational vehicle parks and trailer parks",Number,Hungary,2019,0,,
ESTAT:TOUR_OCC_NINATDC(1.0),23/04/26 23:00:00,Annual,Total,Coastal areas,"Hotels; holiday and other short-stay accommodation; camping grounds, recreational vehicle parks and trailer parks",Number,Hungary,2020,0,,
ESTAT:TOUR_OCC_NINATDC(1.0),23/04/26 23:00:00,Annual,Total,Coastal areas,"Hotels; holiday and other short-stay accommodation; camping grounds, recreational vehicle parks and trailer parks",Number,Hungary,2021,0,,
ESTAT:TOUR_OCC_NINATDC(1.0),23/04/26 23:00:00,Annual,Total,Coastal areas,"Hotels; holiday and other short-stay accommodation; camping grounds, recreational vehicle parks and trailer parks",Number,Hungary,2022,0,,
ESTAT:TOUR_OCC_NINATDC(1.0),23/04/26 23:00:00,Annual,Total,Coastal areas,"Hotels; holiday and other short-stay accommodation; camping grounds, recreational vehicle parks and trailer parks",Number,Hungary,2023,0,,
ESTAT:TOUR_OCC_NINATDC(1.0),23/04/26 23:00:00,Annual,Total,Coastal areas,"Hotels; holiday and other short-stay accommodation; camping grounds, recreational vehicle parks and trailer parks",Number,Hungary,2024,0,,
ESTAT:TOUR_OCC_NINATDC(1.0),23/04/26 23:00:00,Annual,Total,Coastal areas,"Hotels; holiday and other short-stay accommodation; camping grounds, recreational vehicle parks and trailer parks",Number,Ireland,2013,17795360,,
ESTAT:TOUR_OCC_NINATDC(1.0),23/04/26 23:00:00,Annual,Total,Coastal areas,"Hotels; holiday and other short-stay accommodation; camping grounds, recreational vehicle parks and trailer parks",Number,Ireland,2014,18607883,,
ESTAT:TOUR_OCC_NINATDC(1.0),23/04/26 23:00:00,Annual,Total,Coastal areas,"Hotels; holiday and other short-stay accommodation; camping grounds, recreational vehicle parks and trailer parks",Number,Ireland,2015,18796654,,
ESTAT:TOUR_OCC_NINATDC(1.0),23/04/26 23:00:00,Annual,Total,Coastal areas,"Hotels; holiday and other short-stay accommodation; camping grounds, recreational vehicle parks and trailer parks",Number,Ireland,2016,20204513,,
ESTAT:TOUR_OCC_NINATDC(1.0),23/04/26 23:00:00,Annual,Total,Coastal areas,"Hotels; holiday and other short-stay accommodation; camping grounds, recreational vehicle parks and trailer parks",Number,Ireland,2018,21930020,,
ESTAT:TOUR_OCC_NINATDC(1.0),23/04/26 23:00:00,Annual,Total,Coastal areas,"Hotels; holiday and other short-stay accommodation; camping grounds, recreational vehicle parks and trailer parks",Number,Ireland,2019,20133546,,
ESTAT:TOUR_OCC_NINATDC(1.0),23/04/26 23:00:00,Annual,Total,Coastal areas,"Hotels; holiday and other short-stay accommodation; camping grounds, recreational vehicle parks and trailer parks",Number,Ireland,2020,9761495,,
ESTAT:TOUR_OCC_NINATDC(1.0),23/04/26 23:00:00,Annual,Total,Coastal areas,"Hotels; holiday and other short-stay accommodation; camping grounds, recreational vehicle parks and trailer parks",Number,Ireland,2021,8760014,,
ESTAT:TOUR_OCC_NINATDC(1.0),23/04/26 23:00:00,Annual,Total,Coastal areas,"Hotels; holiday and other short-stay accommodation; camping grounds, recreational vehicle parks and trailer parks",Number,Ireland,2022,26485395,,
ESTAT:TOUR_OCC_NINATDC(1.0),23/04/26 23:00:00,Annual,Total,Coastal areas,"Hotels; holiday and other short-stay accommodation; camping grounds, recreational vehicle parks and trailer parks",Number,Ireland,2023,30227526,,
ESTAT:TOUR_OCC_NINATDC(1.0),23/04/26 23:00:00,Annual,Total,Coastal areas,"Hotels; holiday and other short-stay accommodation; camping grounds, recreational vehicle parks and trailer parks",Number,Ireland,2024,31911990,,
ESTAT:TOUR_OCC_NINATDC(1.0),23/04/26 23:00:00,Annual,Total,Coastal areas,"Hotels; holiday and other short-stay accommodation; camping grounds, recreational vehicle parks and trailer parks",Number,Iceland,2012,3293567,,
ESTAT:TOUR_OCC_NINATDC(1.0),23/04/26 23:00:00,Annual,Total,Coastal areas,"Hotels; holiday and other short-stay accommodation; camping grounds, recreational vehicle parks and trailer parks",Number,Iceland,2013,3781972,,
ESTAT:TOUR_OCC_NINATDC(1.0),23/04/26 23:00:00,Annual,Total,Coastal areas,"Hotels; holiday and other short-stay accommodation; camping grounds, recreational vehicle parks and trailer parks",Number,Iceland,2014,4924818,,
ESTAT:TOUR_OCC_NINATDC(1.0),23/04/26 23:00:00,Annual,Total,Coastal areas,"Hotels; holiday and other short-stay accommodation; camping grounds, recreational vehicle parks and trailer parks",Number,Iceland,2015,5841200,,
ESTAT:TOUR_OCC_NINATDC(1.0),23/04/26 23:00:00,Annual,Total,Coastal areas,"Hotels; holiday and other short-stay accommodation; camping grounds, recreational vehicle parks and trailer parks",Number,Iceland,2016,6878699,,
ESTAT:TOUR_OCC_NINATDC(1.0),23/04/26 23:00:00,Annual,Total,Coastal areas,"Hotels; holiday and other short-stay accommodation; camping grounds, recreational vehicle parks and trailer parks",Number,Iceland,2019,7314768,,
ESTAT:TOUR_OCC_NINATDC(1.0),23/04/26 23:00:00,Annual,Total,Coastal areas,"Hotels; holiday and other short-stay accommodation; camping grounds, recreational vehicle parks and trailer parks",Number,Iceland,2020,2849639,,
ESTAT:TOUR_OCC_NINATDC(1.0),23/04/26 23:00:00,Annual,Total,Coastal areas,"Hotels; holiday and other short-stay accommodation; camping grounds, recreational vehicle parks and trailer parks",Number,Iceland,2021,4320698,,
ESTAT:TOUR_OCC_NINATDC(1.0),23/04/26 23:00:00,Annual,Total,Coastal areas,"Hotels; holiday and other short-stay accommodation; camping grounds, recreational vehicle parks and trailer parks",Number,Iceland,2022,8118833,,
ESTAT:TOUR_OCC_NINATDC(1.0),23/04/26 23:00:00,Annual,Total,Coastal areas,"Hotels; holiday and other short-stay accommodation; camping grounds, recreational vehicle parks and trailer parks",Number,Iceland,2023,9009432,,
ESTAT:TOUR_OCC_NINATDC(1.0),23/04/26 23:00:00,Annual,Total,Coastal areas,"Hotels; holiday and other short-stay accommodation; camping grounds, recreational vehicle parks and trailer parks",Number,Italy,2012,206125047,,
ESTAT:TOUR_OCC_NINATDC(1.0),23/04/26 23:00:00,Annual,Total,Coastal areas,"Hotels; holiday and other short-stay accommodation; camping grounds, recreational vehicle parks and trailer parks",Number,Italy,2013,201933136,,
ESTAT:TOUR_OCC_NINATDC(1.0),23/04/26 23:00:00,Annual,Total,Coastal areas,"Hotels; holiday and other short-stay accommodation; camping grounds, recreational vehicle parks and trailer parks",Number,Italy,2014,202283796,,
ESTAT:TOUR_OCC_NINATDC(1.0),23/04/26 23:00:00,Annual,Total,Coastal areas,"Hotels; holiday and other short-stay accommodation; camping grounds, recreational vehicle parks and trailer parks",Number,Italy,2015,208689906,,
ESTAT:TOUR_OCC_NINATDC(1.0),23/04/26 23:00:00,Annual,Total,Coastal areas,"Hotels; holiday and other short-stay accommodation; camping grounds, recreational vehicle parks and trailer parks",Number,Italy,2016,212502896,,
ESTAT:TOUR_OCC_NINATDC(1.0),23/04/26 23:00:00,Annual,Total,Coastal areas,"Hotels; holiday and other short-stay accommodation; camping grounds, recreational vehicle parks and trailer parks",Number,Italy,2017,223449255,,
ESTAT:TOUR_OCC_NINATDC(1.0),23/04/26 23:00:00,Annual,Total,Coastal areas,"Hotels; holiday and other short-stay accommodation; camping grounds, recreational vehicle parks and trailer parks",Number,Italy,2018,227362286,,
ESTAT:TOUR_OCC_NINATDC(1.0),23/04/26 23:00:00,Annual,Total,Coastal areas,"Hotels; holiday and other short-stay accommodation; camping grounds, recreational vehicle parks and trailer parks",Number,Italy,2019,231515993,,
ESTAT:TOUR_OCC_NINATDC(1.0),23/04/26 23:00:00,Annual,Total,Coastal areas,"Hotels; holiday and other short-stay accommodation; camping grounds, recreational vehicle parks and trailer parks",Number,Italy,2020,109703509,,
ESTAT:TOUR_OCC_NINATDC(1.0),23/04/26 23:00:00,Annual,Total,Coastal areas,"Hotels; holiday and other short-stay accommodation; camping grounds, recreational vehicle parks and trailer parks",Number,Italy,2021,157753560,,
ESTAT:TOUR_OCC_NINATDC(1.0),23/04/26 23:00:00,Annual,Total,Coastal areas,"Hotels; holiday and other short-stay accommodation; camping grounds, recreational vehicle parks and trailer parks",Number,Italy,2022,219663563,,
ESTAT:TOUR_OCC_NINATDC(1.0),23/04/26 23:00:00,Annual,Total,Coastal areas,"Hotels; holiday and other short-stay accommodation; camping grounds, recreational vehicle parks and trailer parks",Number,Italy,2023,238349773,,
ESTAT:TOUR_OCC_NINATDC(1.0),23/04/26 23:00:00,Annual,Total,Coastal areas,"Hotels; holiday and other short-stay accommodation; camping grounds, recreational vehicle parks and trailer parks",Number,Italy,2024,249735631,,
ESTAT:TOUR_OCC_NINATDC(1.0),23/04/26 23:00:00,Annual,Total,Coastal areas,"Hotels; holiday and other short-stay accommodation; camping grounds, recreational vehicle parks and trailer parks",Number,Liechtenstein,2012,0,,
ESTAT:TOUR_OCC_NINATDC(1.0),23/04/26 23:00:00,Annual,Total,Coastal areas,"Hotels; holiday and other short-stay accommodation; camping grounds, recreational vehicle parks and trailer parks",Number,Liechtenstein,2013,0,,
ESTAT:TOUR_OCC_NINATDC(1.0),23/04/26 23:00:00,Annual,Total,Coastal areas,"Hotels; holiday and other short-stay accommodation; camping grounds, recreational vehicle parks and trailer parks",Number,Liechtenstein,2014,0,,
ESTAT:TOUR_OCC_NINATDC(1.0),23/04/26 23:00:00,Annual,Total,Coastal areas,"Hotels; holiday and other short-stay accommodation; camping grounds, recreational vehicle parks and trailer parks",Number,Liechtenstein,2015,0,,
ESTAT:TOUR_OCC_NINATDC(1.0),23/04/26 23:00:00,Annual,Total,Coastal areas,"Hotels; holiday and other short-stay accommodation; camping grounds, recreational vehicle parks and trailer parks",Number,Liechtenstein,2016,0,,
ESTAT:TOUR_OCC_NINATDC(1.0),23/04/26 23:00:00,Annual,Total,Coastal areas,"Hotels; holiday and other short-stay accommodation; camping grounds, recreational vehicle parks and trailer parks",Number,Liechtenstein,2017,0,,
ESTAT:TOUR_OCC_NINATDC(1.0),23/04/26 23:00:00,Annual,Total,Coastal areas,"Hotels; holiday and other short-stay accommodation; camping grounds, recreational vehicle parks and trailer parks",Number,Liechtenstein,2018,0,,
ESTAT:TOUR_OCC_NINATDC(1.0),23/04/26 23:00:00,Annual,Total,Coastal areas,"Hotels; holiday and other short-stay accommodation; camping grounds, recreational vehicle parks and trailer parks",Number,Liechtenstein,2019,0,,
ESTAT:TOUR_OCC_NINATDC(1.0),23/04/26 23:00:00,Annual,Total,Coastal areas,"Hotels; holiday and other short-stay accommodation; camping grounds, recreational vehicle parks and trailer parks",Number,Liechtenstein,2020,0,,
ESTAT:TOUR_OCC_NINATDC(1.0),23/04/26 23:00:00,Annual,Total,Coastal areas,"Hotels; holiday and other short-stay accommodation; camping grounds, recreational vehicle parks and trailer parks",Number,Liechtenstein,2021,0,,
ESTAT:TOUR_OCC_NINATDC(1.0),23/04/26 23:00:00,Annual,Total,Coastal areas,"Hotels; holiday and other short-stay accommodation; camping grounds, recreational vehicle parks and trailer parks",Number,Liechtenstein,2022,0,,
ESTAT:TOUR_OCC_NINATDC(1.0),23/04/26 23:00:00,Annual,Total,Coastal areas,"Hotels; holiday and other short-stay accommodation; camping grounds, recreational vehicle parks and trailer parks",Number,Liechtenstein,2023,0,,
ESTAT:TOUR_OCC_NINATDC(1.0),23/04/26 23:00:00,Annual,Total,Coastal areas,"Hotels; holiday and other short-stay accommodation; camping grounds, recreational vehicle parks and trailer parks",Number,Liechtenstein,2024,0,,
ESTAT:TOUR_OCC_NINATDC(1.0),23/04/26 23:00:00,Annual,Total,Coastal areas,"Hotels; holiday and other short-stay accommodation; camping grounds, recreational vehicle parks and trailer parks",Number,Lithuania,2012,1387014,,
ESTAT:TOUR_OCC_NINATDC(1.0),23/04/26 23:00:00,Annual,Total,Coastal areas,"Hotels; holiday and other short-stay accommodation; camping grounds, recreational vehicle parks and trailer parks",Number,Lithuania,2013,1434082,,
ESTAT:TOUR_OCC_NINATDC(1.0),23/04/26 23:00:00,Annual,Total,Coastal areas,"Hotels; holiday and other short-stay accommodation; camping grounds, recreational vehicle parks and trailer parks",Number,Lithuania,2014,1537819,,
ESTAT:TOUR_OCC_NINATDC(1.0),23/04/26 23:00:00,Annual,Total,Coastal areas,"Hotels; holiday and other short-stay accommodation; camping grounds, recreational vehicle parks and trailer parks",Number,Lithuania,2015,1506578,,
ESTAT:TOUR_OCC_NINATDC(1.0),23/04/26 23:00:00,Annual,Total,Coastal areas,"Hotels; holiday and other short-stay accommodation; camping grounds, recreational vehicle parks and trailer parks",Number,Lithuania,2016,1646918,,
ESTAT:TOUR_OCC_NINATDC(1.0),23/04/26 23:00:00,Annual,Total,Coastal areas,"Hotels; holiday and other short-stay accommodation; camping grounds, recreational vehicle parks and trailer parks",Number,Lithuania,2017,1756276,,
ESTAT:TOUR_OCC_NINATDC(1.0),23/04/26 23:00:00,Annual,Total,Coastal areas,"Hotels; holiday and other short-stay accommodation; camping grounds, recreational vehicle parks and trailer parks",Number,Lithuania,2018,1963031,,
ESTAT:TOUR_OCC_NINATDC(1.0),23/04/26 23:00:00,Annual,Total,Coastal areas,"Hotels; holiday and other short-stay accommodation; camping grounds, recreational vehicle parks and trailer parks",Number,Lithuania,2019,2213713,,
ESTAT:TOUR_OCC_NINATDC(1.0),23/04/26 23:00:00,Annual,Total,Coastal areas,"Hotels; holiday and other short-stay accommodation; camping grounds, recreational vehicle parks and trailer parks",Number,Lithuania,2020,1625867,,
ESTAT:TOUR_OCC_NINATDC(1.0),23/04/26 23:00:00,Annual,Total,Coastal areas,"Hotels; holiday and other short-stay accommodation; camping grounds, recreational vehicle parks and trailer parks",Number,Lithuania,2021,1765510,,
ESTAT:TOUR_OCC_NINATDC(1.0),23/04/26 23:00:00,Annual,Total,Coastal areas,"Hotels; holiday and other short-stay accommodation; camping grounds, recreational vehicle parks and trailer parks",Number,Lithuania,2022,2181151,,
ESTAT:TOUR_OCC_NINATDC(1.0),23/04/26 23:00:00,Annual,Total,Coastal areas,"Hotels; holiday and other short-stay accommodation; camping grounds, recreational vehicle parks and trailer parks",Number,Lithuania,2023,2361817,,
ESTAT:TOUR_OCC_NINATDC(1.0),23/04/26 23:00:00,Annual,Total,Coastal areas,"Hotels; holiday and other short-stay accommodation; camping grounds, recreational vehicle parks and trailer parks",Number,Lithuania,2024,2243622,,
ESTAT:TOUR_OCC_NINATDC(1.0),23/04/26 23:00:00,Annual,Total,Coastal areas,"Hotels; holiday and other short-stay accommodation; camping grounds, recreational vehicle parks and trailer parks",Number,Luxembourg,2012,0,,
ESTAT:TOUR_OCC_NINATDC(1.0),23/04/26 23:00:00,Annual,Total,Coastal areas,"Hotels; holiday and other short-stay accommodation; camping grounds, recreational vehicle parks and trailer parks",Number,Luxembourg,2013,0,,
ESTAT:TOUR_OCC_NINATDC(1.0),23/04/26 23:00:00,Annual,Total,Coastal areas,"Hotels; holiday and other short-stay accommodation; camping grounds, recreational vehicle parks and trailer parks",Number,Luxembourg,2014,0,,
ESTAT:TOUR_OCC_NINATDC(1.0),23/04/26 23:00:00,Annual,Total,Coastal areas,"Hotels; holiday and other short-stay accommodation; camping grounds, recreational vehicle parks and trailer parks",Number,Luxembourg,2015,0,,
ESTAT:TOUR_OCC_NINATDC(1.0),23/04/26 23:00:00,Annual,Total,Coastal areas,"Hotels; holiday and other short-stay accommodation; camping grounds, recreational vehicle parks and trailer parks",Number,Luxembourg,2016,0,,
ESTAT:TOUR_OCC_NINATDC(1.0),23/04/26 23:00:00,Annual,Total,Coastal areas,"Hotels; holiday and other short-stay accommodation; camping grounds, recreational vehicle parks and trailer parks",Number,Luxembourg,2017,0,,
ESTAT:TOUR_OCC_NINATDC(1.0),23/04/26 23:00:00,Annual,Total,Coastal areas,"Hotels; holiday and other short-stay accommodation; camping grounds, recreational vehicle parks and trailer parks",Number,Luxembourg,2018,0,,
ESTAT:TOUR_OCC_NINATDC(1.0),23/04/26 23:00:00,Annual,Total,Coastal areas,"Hotels; holiday and other short-stay accommodation; camping grounds, recreational vehicle parks and trailer parks",Number,Luxembourg,2019,0,,
ESTAT:TOUR_OCC_NINATDC(1.0),23/04/26 23:00:00,Annual,Total,Coastal areas,"Hotels; holiday and other short-stay accommodation; camping grounds, recreational vehicle parks and trailer parks",Number,Luxembourg,2020,0,,
ESTAT:TOUR_OCC_NINATDC(1.0),23/04/26 23:00:00,Annual,Total,Coastal areas,"Hotels; holiday and other short-stay accommodation; camping grounds, recreational vehicle parks and trailer parks",Number,Luxembourg,2021,0,,
ESTAT:TOUR_OCC_NINATDC(1.0),23/04/26 23:00:00,Annual,Total,Coastal areas,"Hotels; holiday and other short-stay accommodation; camping grounds, recreational vehicle parks and trailer parks",Number,Luxembourg,2022,0,,
ESTAT:TOUR_OCC_NINATDC(1.0),23/04/26 23:00:00,Annual,Total,Coastal areas,"Hotels; holiday and other short-stay accommodation; camping grounds, recreational vehicle parks and trailer parks",Number,Luxembourg,2023,0,,
ESTAT:TOUR_OCC_NINATDC(1.0),23/04/26 23:00:00,Annual,Total,Coastal areas,"Hotels; holiday and other short-stay accommodation; camping grounds, recreational vehicle parks and trailer parks",Number,Luxembourg,2024,0,,
ESTAT:TOUR_OCC_NINATDC(1.0),23/04/26 23:00:00,Annual,Total,Coastal areas,"Hotels; holiday and other short-stay accommodation; camping grounds, recreational vehicle parks and trailer parks",Number,Latvia,2012,2964743,,
ESTAT:TOUR_OCC_NINATDC(1.0),23/04/26 23:00:00,Annual,Total,Coastal areas,"Hotels; holiday and other short-stay accommodation; camping grounds, recreational vehicle parks and trailer parks",Number,Latvia,2013,3158461,,
ESTAT:TOUR_OCC_NINATDC(1.0),23/04/26 23:00:00,Annual,Total,Coastal areas,"Hotels; holiday and other short-stay accommodation; camping grounds, recreational vehicle parks and trailer parks",Number,Latvia,2014,3442824,,
ESTAT:TOUR_OCC_NINATDC(1.0),23/04/26 23:00:00,Annual,Total,Coastal areas,"Hotels; holiday and other short-stay accommodation; camping grounds, recreational vehicle parks and trailer parks",Number,Latvia,2015,3445529,,
ESTAT:TOUR_OCC_NINATDC(1.0),23/04/26 23:00:00,Annual,Total,Coastal areas,"Hotels; holiday and other short-stay accommodation; camping grounds, recreational vehicle parks and trailer parks",Number,Latvia,2016,3710001,,
ESTAT:TOUR_OCC_NINATDC(1.0),23/04/26 23:00:00,Annual,Total,Coastal areas,"Hotels; holiday and other short-stay accommodation; camping grounds, recreational vehicle parks and trailer parks",Number,Latvia,2017,4064066,,
ESTAT:TOUR_OCC_NINATDC(1.0),23/04/26 23:00:00,Annual,Total,Coastal areas,"Hotels; holiday and other short-stay accommodation; camping grounds, recreational vehicle parks and trailer parks",Number,Latvia,2018,4482682,,
ESTAT:TOUR_OCC_NINATDC(1.0),23/04/26 23:00:00,Annual,Total,Coastal areas,"Hotels; holiday and other short-stay accommodation; camping grounds, recreational vehicle parks and trailer parks",Number,Latvia,2019,4571247,,
ESTAT:TOUR_OCC_NINATDC(1.0),23/04/26 23:00:00,Annual,Total,Coastal areas,"Hotels; holiday and other short-stay accommodation; camping grounds, recreational vehicle parks and trailer parks",Number,Latvia,2020,2251122,,
ESTAT:TOUR_OCC_NINATDC(1.0),23/04/26 23:00:00,Annual,Total,Coastal areas,"Hotels; holiday and other short-stay accommodation; camping grounds, recreational vehicle parks and trailer parks",Number,Latvia,2021,1764724,,
ESTAT:TOUR_OCC_NINATDC(1.0),23/04/26 23:00:00,Annual,Total,Coastal areas,"Hotels; holiday and other short-stay accommodation; camping grounds, recreational vehicle parks and trailer parks",Number,Latvia,2022,3085084,,
ESTAT:TOUR_OCC_NINATDC(1.0),23/04/26 23:00:00,Annual,Total,Coastal areas,"Hotels; holiday and other short-stay accommodation; camping grounds, recreational vehicle parks and trailer parks",Number,Latvia,2023,3444290,,
ESTAT:TOUR_OCC_NINATDC(1.0),23/04/26 23:00:00,Annual,Total,Coastal areas,"Hotels; holiday and other short-stay accommodation; camping grounds, recreational vehicle parks and trailer parks",Number,Latvia,2024,3773877,,
ESTAT:TOUR_OCC_NINATDC(1.0),23/04/26 23:00:00,Annual,Total,Coastal areas,"Hotels; holiday and other short-stay accommodation; camping grounds, recreational vehicle parks and trailer parks",Number,Montenegro,2012,8858226,,
ESTAT:TOUR_OCC_NINATDC(1.0),23/04/26 23:00:00,Annual,Total,Coastal areas,"Hotels; holiday and other short-stay accommodation; camping grounds, recreational vehicle parks and trailer parks",Number,Montenegro,2015,10687914,,
ESTAT:TOUR_OCC_NINATDC(1.0),23/04/26 23:00:00,Annual,Total,Coastal areas,"Hotels; holiday and other short-stay accommodation; camping grounds, recreational vehicle parks and trailer parks",Number,Montenegro,2016,10827495,,
ESTAT:TOUR_OCC_NINATDC(1.0),23/04/26 23:00:00,Annual,Total,Coastal areas,"Hotels; holiday and other short-stay accommodation; camping grounds, recreational vehicle parks and trailer parks",Number,North Macedonia,2014,0,,
ESTAT:TOUR_OCC_NINATDC(1.0),23/04/26 23:00:00,Annual,Total,Coastal areas,"Hotels; holiday and other short-stay accommodation; camping grounds, recreational vehicle parks and trailer parks",Number,North Macedonia,2015,0,,
ESTAT:TOUR_OCC_NINATDC(1.0),23/04/26 23:00:00,Annual,Total,Coastal areas,"Hotels; holiday and other short-stay accommodation; camping grounds, recreational vehicle parks and trailer parks",Number,North Macedonia,2016,0,,
ESTAT:TOUR_OCC_NINATDC(1.0),23/04/26 23:00:00,Annual,Total,Coastal areas,"Hotels; holiday and other short-stay accommodation; camping grounds, recreational vehicle parks and trailer parks",Number,North Macedonia,2017,0,,
ESTAT:TOUR_OCC_NINATDC(1.0),23/04/26 23:00:00,Annual,Total,Coastal areas,"Hotels; holiday and other short-stay accommodation; camping grounds, recreational vehicle parks and trailer parks",Number,North Macedonia,2018,0,,
ESTAT:TOUR_OCC_NINATDC(1.0),23/04/26 23:00:00,Annual,Total,Coastal areas,"Hotels; holiday and other short-stay accommodation; camping grounds, recreational vehicle parks and trailer parks",Number,North Macedonia,2019,0,,
ESTAT:TOUR_OCC_NINATDC(1.0),23/04/26 23:00:00,Annual,Total,Coastal areas,"Hotels; holiday and other short-stay accommodation; camping grounds, recreational vehicle parks and trailer parks",Number,North Macedonia,2020,0,,
ESTAT:TOUR_OCC_NINATDC(1.0),23/04/26 23:00:00,Annual,Total,Coastal areas,"Hotels; holiday and other short-stay accommodation; camping grounds, recreational vehicle parks and trailer parks",Number,North Macedonia,2021,0,,
ESTAT:TOUR_OCC_NINATDC(1.0),23/04/26 23:00:00,Annual,Total,Coastal areas,"Hotels; holiday and other short-stay accommodation; camping grounds, recreational vehicle parks and trailer parks",Number,North Macedonia,2022,0,,
ESTAT:TOUR_OCC_NINATDC(1.0),23/04/26 23:00:00,Annual,Total,Coastal areas,"Hotels; holiday and other short-stay accommodation; camping grounds, recreational vehicle parks and trailer parks",Number,North Macedonia,2023,0,,
ESTAT:TOUR_OCC_NINATDC(1.0),23/04/26 23:00:00,Annual,Total,Coastal areas,"Hotels; holiday and other short-stay accommodation; camping grounds, recreational vehicle parks and trailer parks",Number,North Macedonia,2024,0,,
ESTAT:TOUR_OCC_NINATDC(1.0),23/04/26 23:00:00,Annual,Total,Coastal areas,"Hotels; holiday and other short-stay accommodation; camping grounds, recreational vehicle parks and trailer parks",Number,Malta,2012,7832229,,
ESTAT:TOUR_OCC_NINATDC(1.0),23/04/26 23:00:00,Annual,Total,Coastal areas,"Hotels; holiday and other short-stay accommodation; camping grounds, recreational vehicle parks and trailer parks",Number,Malta,2013,8501147,,
ESTAT:TOUR_OCC_NINATDC(1.0),23/04/26 23:00:00,Annual,Total,Coastal areas,"Hotels; holiday and other short-stay accommodation; camping grounds, recreational vehicle parks and trailer parks",Number,Malta,2014,8780948,,
ESTAT:TOUR_OCC_NINATDC(1.0),23/04/26 23:00:00,Annual,Total,Coastal areas,"Hotels; holiday and other short-stay accommodation; camping grounds, recreational vehicle parks and trailer parks",Number,Malta,2015,8915297,,
ESTAT:TOUR_OCC_NINATDC(1.0),23/04/26 23:00:00,Annual,Total,Coastal areas,"Hotels; holiday and other short-stay accommodation; camping grounds, recreational vehicle parks and trailer parks",Number,Malta,2016,8971191,,
ESTAT:TOUR_OCC_NINATDC(1.0),23/04/26 23:00:00,Annual,Total,Coastal areas,"Hotels; holiday and other short-stay accommodation; camping grounds, recreational vehicle parks and trailer parks",Number,Malta,2017,9580329,,
ESTAT:TOUR_OCC_NINATDC(1.0),23/04/26 23:00:00,Annual,Total,Coastal areas,"Hotels; holiday and other short-stay accommodation; camping grounds, recreational vehicle parks and trailer parks",Number,Malta,2018,10114196,,
ESTAT:TOUR_OCC_NINATDC(1.0),23/04/26 23:00:00,Annual,Total,Coastal areas,"Hotels; holiday and other short-stay accommodation; camping grounds, recreational vehicle parks and trailer parks",Number,Malta,2019,9911282,,
ESTAT:TOUR_OCC_NINATDC(1.0),23/04/26 23:00:00,Annual,Total,Coastal areas,"Hotels; holiday and other short-stay accommodation; camping grounds, recreational vehicle parks and trailer parks",Number,Malta,2020,2945184,,
ESTAT:TOUR_OCC_NINATDC(1.0),23/04/26 23:00:00,Annual,Total,Coastal areas,"Hotels; holiday and other short-stay accommodation; camping grounds, recreational vehicle parks and trailer parks",Number,Malta,2021,4612959,,
ESTAT:TOUR_OCC_NINATDC(1.0),23/04/26 23:00:00,Annual,Total,Coastal areas,"Hotels; holiday and other short-stay accommodation; camping grounds, recreational vehicle parks and trailer parks",Number,Malta,2022,8210424,,
ESTAT:TOUR_OCC_NINATDC(1.0),23/04/26 23:00:00,Annual,Total,Coastal areas,"Hotels; holiday and other short-stay accommodation; camping grounds, recreational vehicle parks and trailer parks",Number,Malta,2023,9892292,,
ESTAT:TOUR_OCC_NINATDC(1.0),23/04/26 23:00:00,Annual,Total,Coastal areas,"Hotels; holiday and other short-stay accommodation; camping grounds, recreational vehicle parks and trailer parks",Number,Malta,2024,11320179,,
ESTAT:TOUR_OCC_NINATDC(1.0),23/04/26 23:00:00,Annual,Total,Coastal areas,"Hotels; holiday and other short-stay accommodation; camping grounds, recreational vehicle parks and trailer parks",Number,Netherlands,2012,25435740,,
ESTAT:TOUR_OCC_NINATDC(1.0),23/04/26 23:00:00,Annual,Total,Coastal areas,"Hotels; holiday and other short-stay accommodation; camping grounds, recreational vehicle parks and trailer parks",Number,Netherlands,2013,28815391,,
ESTAT:TOUR_OCC_NINATDC(1.0),23/04/26 23:00:00,Annual,Total,Coastal areas,"Hotels; holiday and other short-stay accommodation; camping grounds, recreational vehicle parks and trailer parks",Number,Netherlands,2014,30747456,,
ESTAT:TOUR_OCC_NINATDC(1.0),23/04/26 23:00:00,Annual,Total,Coastal areas,"Hotels; holiday and other short-stay accommodation; camping grounds, recreational vehicle parks and trailer parks",Number,Netherlands,2015,31274370,,
ESTAT:TOUR_OCC_NINATDC(1.0),23/04/26 23:00:00,Annual,Total,Coastal areas,"Hotels; holiday and other short-stay accommodation; camping grounds, recreational vehicle parks and trailer parks",Number,Netherlands,2016,31540892,,
ESTAT:TOUR_OCC_NINATDC(1.0),23/04/26 23:00:00,Annual,Total,Coastal areas,"Hotels; holiday and other short-stay accommodation; camping grounds, recreational vehicle parks and trailer parks",Number,Netherlands,2017,32842683,,
ESTAT:TOUR_OCC_NINATDC(1.0),23/04/26 23:00:00,Annual,Total,Coastal areas,"Hotels; holiday and other short-stay accommodation; camping grounds, recreational vehicle parks and trailer parks",Number,Netherlands,2018,51295479,,
ESTAT:TOUR_OCC_NINATDC(1.0),23/04/26 23:00:00,Annual,Total,Coastal areas,"Hotels; holiday and other short-stay accommodation; camping grounds, recreational vehicle parks and trailer parks",Number,Netherlands,2019,53929007,,
ESTAT:TOUR_OCC_NINATDC(1.0),23/04/26 23:00:00,Annual,Total,Coastal areas,"Hotels; holiday and other short-stay accommodation; camping grounds, recreational vehicle parks and trailer parks",Number,Netherlands,2020,32310239,,
ESTAT:TOUR_OCC_NINATDC(1.0),23/04/26 23:00:00,Annual,Total,Coastal areas,"Hotels; holiday and other short-stay accommodation; camping grounds, recreational vehicle parks and trailer parks",Number,Netherlands,2021,37525320,,
ESTAT:TOUR_OCC_NINATDC(1.0),23/04/26 23:00:00,Annual,Total,Coastal areas,"Hotels; holiday and other short-stay accommodation; camping grounds, recreational vehicle parks and trailer parks",Number,Netherlands,2022,57211366,,
ESTAT:TOUR_OCC_NINATDC(1.0),23/04/26 23:00:00,Annual,Total,Coastal areas,"Hotels; holiday and other short-stay accommodation; camping grounds, recreational vehicle parks and trailer parks",Number,Netherlands,2023,63091008,,
ESTAT:TOUR_OCC_NINATDC(1.0),23/04/26 23:00:00,Annual,Total,Coastal areas,"Hotels; holiday and other short-stay accommodation; camping grounds, recreational vehicle parks and trailer parks",Number,Netherlands,2024,65241260,,
ESTAT:TOUR_OCC_NINATDC(1.0),23/04/26 23:00:00,Annual,Total,Coastal areas,"Hotels; holiday and other short-stay accommodation; camping grounds, recreational vehicle parks and trailer parks",Number,Norway,2012,21006995,,
ESTAT:TOUR_OCC_NINATDC(1.0),23/04/26 23:00:00,Annual,Total,Coastal areas,"Hotels; holiday and other short-stay accommodation; camping grounds, recreational vehicle parks and trailer parks",Number,Norway,2013,20756545,,
ESTAT:TOUR_OCC_NINATDC(1.0),23/04/26 23:00:00,Annual,Total,Coastal areas,"Hotels; holiday and other short-stay accommodation; camping grounds, recreational vehicle parks and trailer parks",Number,Norway,2014,21846471,,
ESTAT:TOUR_OCC_NINATDC(1.0),23/04/26 23:00:00,Annual,Total,Coastal areas,"Hotels; holiday and other short-stay accommodation; camping grounds, recreational vehicle parks and trailer parks",Number,Norway,2015,22439835,,
ESTAT:TOUR_OCC_NINATDC(1.0),23/04/26 23:00:00,Annual,Total,Coastal areas,"Hotels; holiday and other short-stay accommodation; camping grounds, recreational vehicle parks and trailer parks",Number,Norway,2016,23452484,,
ESTAT:TOUR_OCC_NINATDC(1.0),23/04/26 23:00:00,Annual,Total,Coastal areas,"Hotels; holiday and other short-stay accommodation; camping grounds, recreational vehicle parks and trailer parks",Number,Norway,2020,17007242,,
ESTAT:TOUR_OCC_NINATDC(1.0),23/04/26 23:00:00,Annual,Total,Coastal areas,"Hotels; holiday and other short-stay accommodation; camping grounds, recreational vehicle parks and trailer parks",Number,Norway,2021,19793509,,
ESTAT:TOUR_OCC_NINATDC(1.0),23/04/26 23:00:00,Annual,Total,Coastal areas,"Hotels; holiday and other short-stay accommodation; camping grounds, recreational vehicle parks and trailer parks",Number,Norway,2022,27081764,,
ESTAT:TOUR_OCC_NINATDC(1.0),23/04/26 23:00:00,Annual,Total,Coastal areas,"Hotels; holiday and other short-stay accommodation; camping grounds, recreational vehicle parks and trailer parks",Number,Norway,2023,28389321,,
ESTAT:TOUR_OCC_NINATDC(1.0),23/04/26 23:00:00,Annual,Total,Coastal areas,"Hotels; holiday and other short-stay accommodation; camping grounds, recreational vehicle parks and trailer parks",Number,Norway,2024,29789871,,
ESTAT:TOUR_OCC_NINATDC(1.0),23/04/26 23:00:00,Annual,Total,Coastal areas,"Hotels; holiday and other short-stay accommodation; camping grounds, recreational vehicle parks and trailer parks",Number,Poland,2012,15162627,,
ESTAT:TOUR_OCC_NINATDC(1.0),23/04/26 23:00:00,Annual,Total,Coastal areas,"Hotels; holiday and other short-stay accommodation; camping grounds, recreational vehicle parks and trailer parks",Number,Poland,2013,15547154,,
ESTAT:TOUR_OCC_NINATDC(1.0),23/04/26 23:00:00,Annual,Total,Coastal areas,"Hotels; holiday and other short-stay accommodation; camping grounds, recreational vehicle parks and trailer parks",Number,Poland,2014,16627532,,
ESTAT:TOUR_OCC_NINATDC(1.0),23/04/26 23:00:00,Annual,Total,Coastal areas,"Hotels; holiday and other short-stay accommodation; camping grounds, recreational vehicle parks and trailer parks",Number,Poland,2015,17591861,,
ESTAT:TOUR_OCC_NINATDC(1.0),23/04/26 23:00:00,Annual,Total,Coastal areas,"Hotels; holiday and other short-stay accommodation; camping grounds, recreational vehicle parks and trailer parks",Number,Poland,2016,19243970,,
ESTAT:TOUR_OCC_NINATDC(1.0),23/04/26 23:00:00,Annual,Total,Coastal areas,"Hotels; holiday and other short-stay accommodation; camping grounds, recreational vehicle parks and trailer parks",Number,Poland,2017,20321182,,
ESTAT:TOUR_OCC_NINATDC(1.0),23/04/26 23:00:00,Annual,Total,Coastal areas,"Hotels; holiday and other short-stay accommodation; camping grounds, recreational vehicle parks and trailer parks",Number,Poland,2018,21891485,,
ESTAT:TOUR_OCC_NINATDC(1.0),23/04/26 23:00:00,Annual,Total,Coastal areas,"Hotels; holiday and other short-stay accommodation; camping grounds, recreational vehicle parks and trailer parks",Number,Poland,2019,23146131,,
ESTAT:TOUR_OCC_NINATDC(1.0),23/04/26 23:00:00,Annual,Total,Coastal areas,"Hotels; holiday and other short-stay accommodation; camping grounds, recreational vehicle parks and trailer parks",Number,Poland,2020,14361356,,
ESTAT:TOUR_OCC_NINATDC(1.0),23/04/26 23:00:00,Annual,Total,Coastal areas,"Hotels; holiday and other short-stay accommodation; camping grounds, recreational vehicle parks and trailer parks",Number,Poland,2021,17305608,,
ESTAT:TOUR_OCC_NINATDC(1.0),23/04/26 23:00:00,Annual,Total,Coastal areas,"Hotels; holiday and other short-stay accommodation; camping grounds, recreational vehicle parks and trailer parks",Number,Poland,2022,21991941,,
ESTAT:TOUR_OCC_NINATDC(1.0),23/04/26 23:00:00,Annual,Total,Coastal areas,"Hotels; holiday and other short-stay accommodation; camping grounds, recreational vehicle parks and trailer parks",Number,Poland,2023,22534984,,
ESTAT:TOUR_OCC_NINATDC(1.0),23/04/26 23:00:00,Annual,Total,Coastal areas,"Hotels; holiday and other short-stay accommodation; camping grounds, recreational vehicle parks and trailer parks",Number,Poland,2024,24190650,,
ESTAT:TOUR_OCC_NINATDC(1.0),23/04/26 23:00:00,Annual,Total,Coastal areas,"Hotels; holiday and other short-stay accommodation; camping grounds, recreational vehicle parks and trailer parks",Number,Portugal,2012,40715559,,
ESTAT:TOUR_OCC_NINATDC(1.0),23/04/26 23:00:00,Annual,Total,Coastal areas,"Hotels; holiday and other short-stay accommodation; camping grounds, recreational vehicle parks and trailer parks",Number,Portugal,2013,43274492,,
ESTAT:TOUR_OCC_NINATDC(1.0),23/04/26 23:00:00,Annual,Total,Coastal areas,"Hotels; holiday and other short-stay accommodation; camping grounds, recreational vehicle parks and trailer parks",Number,Portugal,2014,47833003,,
ESTAT:TOUR_OCC_NINATDC(1.0),23/04/26 23:00:00,Annual,Total,Coastal areas,"Hotels; holiday and other short-stay accommodation; camping grounds, recreational vehicle parks and trailer parks",Number,Portugal,2015,51179857,,
ESTAT:TOUR_OCC_NINATDC(1.0),23/04/26 23:00:00,Annual,Total,Coastal areas,"Hotels; holiday and other short-stay accommodation; camping grounds, recreational vehicle parks and trailer parks",Number,Portugal,2016,56592542,,
ESTAT:TOUR_OCC_NINATDC(1.0),23/04/26 23:00:00,Annual,Total,Coastal areas,"Hotels; holiday and other short-stay accommodation; camping grounds, recreational vehicle parks and trailer parks",Number,Portugal,2017,61131459,,
ESTAT:TOUR_OCC_NINATDC(1.0),23/04/26 23:00:00,Annual,Total,Coastal areas,"Hotels; holiday and other short-stay accommodation; camping grounds, recreational vehicle parks and trailer parks",Number,Portugal,2018,63096944,,
ESTAT:TOUR_OCC_NINATDC(1.0),23/04/26 23:00:00,Annual,Total,Coastal areas,"Hotels; holiday and other short-stay accommodation; camping grounds, recreational vehicle parks and trailer parks",Number,Portugal,2019,65382198,,
ESTAT:TOUR_OCC_NINATDC(1.0),23/04/26 23:00:00,Annual,Total,Coastal areas,"Hotels; holiday and other short-stay accommodation; camping grounds, recreational vehicle parks and trailer parks",Number,Portugal,2020,23760267,,
ESTAT:TOUR_OCC_NINATDC(1.0),23/04/26 23:00:00,Annual,Total,Coastal areas,"Hotels; holiday and other short-stay accommodation; camping grounds, recreational vehicle parks and trailer parks",Number,Portugal,2021,34153843,,
ESTAT:TOUR_OCC_NINATDC(1.0),23/04/26 23:00:00,Annual,Total,Coastal areas,"Hotels; holiday and other short-stay accommodation; camping grounds, recreational vehicle parks and trailer parks",Number,Portugal,2022,64444691,,
ESTAT:TOUR_OCC_NINATDC(1.0),23/04/26 23:00:00,Annual,Total,Coastal areas,"Hotels; holiday and other short-stay accommodation; camping grounds, recreational vehicle parks and trailer parks",Number,Portugal,2023,71088344,,
ESTAT:TOUR_OCC_NINATDC(1.0),23/04/26 23:00:00,Annual,Total,Coastal areas,"Hotels; holiday and other short-stay accommodation; camping grounds, recreational vehicle parks and trailer parks",Number,Portugal,2024,73452547,,
ESTAT:TOUR_OCC_NINATDC(1.0),23/04/26 23:00:00,Annual,Total,Coastal areas,"Hotels; holiday and other short-stay accommodation; camping grounds, recreational vehicle parks and trailer parks",Number,Romania,2012,3802075,,
ESTAT:TOUR_OCC_NINATDC(1.0),23/04/26 23:00:00,Annual,Total,Coastal areas,"Hotels; holiday and other short-stay accommodation; camping grounds, recreational vehicle parks and trailer parks",Number,Romania,2013,3448555,,
ESTAT:TOUR_OCC_NINATDC(1.0),23/04/26 23:00:00,Annual,Total,Coastal areas,"Hotels; holiday and other short-stay accommodation; camping grounds, recreational vehicle parks and trailer parks",Number,Romania,2014,3628793,,
ESTAT:TOUR_OCC_NINATDC(1.0),23/04/26 23:00:00,Annual,Total,Coastal areas,"Hotels; holiday and other short-stay accommodation; camping grounds, recreational vehicle parks and trailer parks",Number,Romania,2015,4202424,,
ESTAT:TOUR_OCC_NINATDC(1.0),23/04/26 23:00:00,Annual,Total,Coastal areas,"Hotels; holiday and other short-stay accommodation; camping grounds, recreational vehicle parks and trailer parks",Number,Romania,2016,4575044,,
ESTAT:TOUR_OCC_NINATDC(1.0),23/04/26 23:00:00,Annual,Total,Coastal areas,"Hotels; holiday and other short-stay accommodation; camping grounds, recreational vehicle parks and trailer parks",Number,Romania,2017,4776369,,
ESTAT:TOUR_OCC_NINATDC(1.0),23/04/26 23:00:00,Annual,Total,Coastal areas,"Hotels; holiday and other short-stay accommodation; camping grounds, recreational vehicle parks and trailer parks",Number,Romania,2018,5149257,,
ESTAT:TOUR_OCC_NINATDC(1.0),23/04/26 23:00:00,Annual,Total,Coastal areas,"Hotels; holiday and other short-stay accommodation; camping grounds, recreational vehicle parks and trailer parks",Number,Romania,2019,5336573,,
ESTAT:TOUR_OCC_NINATDC(1.0),23/04/26 23:00:00,Annual,Total,Coastal areas,"Hotels; holiday and other short-stay accommodation; camping grounds, recreational vehicle parks and trailer parks",Number,Romania,2020,3638456,,
ESTAT:TOUR_OCC_NINATDC(1.0),23/04/26 23:00:00,Annual,Total,Coastal areas,"Hotels; holiday and other short-stay accommodation; camping grounds, recreational vehicle parks and trailer parks",Number,Romania,2021,5303314,,
ESTAT:TOUR_OCC_NINATDC(1.0),23/04/26 23:00:00,Annual,Total,Coastal areas,"Hotels; holiday and other short-stay accommodation; camping grounds, recreational vehicle parks and trailer parks",Number,Romania,2022,4820894,,
ESTAT:TOUR_OCC_NINATDC(1.0),23/04/26 23:00:00,Annual,Total,Coastal areas,"Hotels; holiday and other short-stay accommodation; camping grounds, recreational vehicle parks and trailer parks",Number,Romania,2023,5295882,,
ESTAT:TOUR_OCC_NINATDC(1.0),23/04/26 23:00:00,Annual,Total,Coastal areas,"Hotels; holiday and other short-stay accommodation; camping grounds, recreational vehicle parks and trailer parks",Number,Romania,2024,5667123,,
ESTAT:TOUR_OCC_NINATDC(1.0),23/04/26 23:00:00,Annual,Total,Coastal areas,"Hotels; holiday and other short-stay accommodation; camping grounds, recreational vehicle parks and trailer parks",Number,Serbia,2014,0,,
ESTAT:TOUR_OCC_NINATDC(1.0),23/04/26 23:00:00,Annual,Total,Coastal areas,"Hotels; holiday and other short-stay accommodation; camping grounds, recreational vehicle parks and trailer parks",Number,Serbia,2015,0,,
ESTAT:TOUR_OCC_NINATDC(1.0),23/04/26 23:00:00,Annual,Total,Coastal areas,"Hotels; holiday and other short-stay accommodation; camping grounds, recreational vehicle parks and trailer parks",Number,Serbia,2016,0,,
ESTAT:TOUR_OCC_NINATDC(1.0),23/04/26 23:00:00,Annual,Total,Coastal areas,"Hotels; holiday and other short-stay accommodation; camping grounds, recreational vehicle parks and trailer parks",Number,Serbia,2020,0,,
ESTAT:TOUR_OCC_NINATDC(1.0),23/04/26 23:00:00,Annual,Total,Coastal areas,"Hotels; holiday and other short-stay accommodation; camping grounds, recreational vehicle parks and trailer parks",Number,Serbia,2021,0,,
ESTAT:TOUR_OCC_NINATDC(1.0),23/04/26 23:00:00,Annual,Total,Coastal areas,"Hotels; holiday and other short-stay accommodation; camping grounds, recreational vehicle parks and trailer parks",Number,Serbia,2022,0,,
ESTAT:TOUR_OCC_NINATDC(1.0),23/04/26 23:00:00,Annual,Total,Coastal areas,"Hotels; holiday and other short-stay accommodation; camping grounds, recreational vehicle parks and trailer parks",Number,Serbia,2023,0,,
ESTAT:TOUR_OCC_NINATDC(1.0),23/04/26 23:00:00,Annual,Total,Coastal areas,"Hotels; holiday and other short-stay accommodation; camping grounds, recreational vehicle parks and trailer parks",Number,Serbia,2024,0,,
ESTAT:TOUR_OCC_NINATDC(1.0),23/04/26 23:00:00,Annual,Total,Coastal areas,"Hotels; holiday and other short-stay accommodation; camping grounds, recreational vehicle parks and trailer parks",Number,Sweden,2012,29827512,,
ESTAT:TOUR_OCC_NINATDC(1.0),23/04/26 23:00:00,Annual,Total,Coastal areas,"Hotels; holiday and other short-stay accommodation; camping grounds, recreational vehicle parks and trailer parks",Number,Sweden,2013,30446593,,
ESTAT:TOUR_OCC_NINATDC(1.0),23/04/26 23:00:00,Annual,Total,Coastal areas,"Hotels; holiday and other short-stay accommodation; camping grounds, recreational vehicle parks and trailer parks",Number,Sweden,2014,32224945,,
ESTAT:TOUR_OCC_NINATDC(1.0),23/04/26 23:00:00,Annual,Total,Coastal areas,"Hotels; holiday and other short-stay accommodation; camping grounds, recreational vehicle parks and trailer parks",Number,Sweden,2015,34599665,,
ESTAT:TOUR_OCC_NINATDC(1.0),23/04/26 23:00:00,Annual,Total,Coastal areas,"Hotels; holiday and other short-stay accommodation; camping grounds, recreational vehicle parks and trailer parks",Number,Sweden,2016,35829300,,
ESTAT:TOUR_OCC_NINATDC(1.0),23/04/26 23:00:00,Annual,Total,Coastal areas,"Hotels; holiday and other short-stay accommodation; camping grounds, recreational vehicle parks and trailer parks",Number,Sweden,2017,36533570,,
ESTAT:TOUR_OCC_NINATDC(1.0),23/04/26 23:00:00,Annual,Total,Coastal areas,"Hotels; holiday and other short-stay accommodation; camping grounds, recreational vehicle parks and trailer parks",Number,Sweden,2018,37679776,,
ESTAT:TOUR_OCC_NINATDC(1.0),23/04/26 23:00:00,Annual,Total,Coastal areas,"Hotels; holiday and other short-stay accommodation; camping grounds, recreational vehicle parks and trailer parks",Number,Sweden,2019,39474678,,
ESTAT:TOUR_OCC_NINATDC(1.0),23/04/26 23:00:00,Annual,Total,Coastal areas,"Hotels; holiday and other short-stay accommodation; camping grounds, recreational vehicle parks and trailer parks",Number,Sweden,2020,23874874,,
ESTAT:TOUR_OCC_NINATDC(1.0),23/04/26 23:00:00,Annual,Total,Coastal areas,"Hotels; holiday and other short-stay accommodation; camping grounds, recreational vehicle parks and trailer parks",Number,Sweden,2021,30583588,,
ESTAT:TOUR_OCC_NINATDC(1.0),23/04/26 23:00:00,Annual,Total,Coastal areas,"Hotels; holiday and other short-stay accommodation; camping grounds, recreational vehicle parks and trailer parks",Number,Sweden,2022,38401778,,
ESTAT:TOUR_OCC_NINATDC(1.0),23/04/26 23:00:00,Annual,Total,Coastal areas,"Hotels; holiday and other short-stay accommodation; camping grounds, recreational vehicle parks and trailer parks",Number,Sweden,2023,40144290,,
ESTAT:TOUR_OCC_NINATDC(1.0),23/04/26 23:00:00,Annual,Total,Coastal areas,"Hotels; holiday and other short-stay accommodation; camping grounds, recreational vehicle parks and trailer parks",Number,Sweden,2024,40435645,,
ESTAT:TOUR_OCC_NINATDC(1.0),23/04/26 23:00:00,Annual,Total,Coastal areas,"Hotels; holiday and other short-stay accommodation; camping grounds, recreational vehicle parks and trailer parks",Number,Slovenia,2012,2005876,,
ESTAT:TOUR_OCC_NINATDC(1.0),23/04/26 23:00:00,Annual,Total,Coastal areas,"Hotels; holiday and other short-stay accommodation; camping grounds, recreational vehicle parks and trailer parks",Number,Slovenia,2013,1984287,,
ESTAT:TOUR_OCC_NINATDC(1.0),23/04/26 23:00:00,Annual,Total,Coastal areas,"Hotels; holiday and other short-stay accommodation; camping grounds, recreational vehicle parks and trailer parks",Number,Slovenia,2014,2015371,,
ESTAT:TOUR_OCC_NINATDC(1.0),23/04/26 23:00:00,Annual,Total,Coastal areas,"Hotels; holiday and other short-stay accommodation; camping grounds, recreational vehicle parks and trailer parks",Number,Slovenia,2015,2117074,,
ESTAT:TOUR_OCC_NINATDC(1.0),23/04/26 23:00:00,Annual,Total,Coastal areas,"Hotels; holiday and other short-stay accommodation; camping grounds, recreational vehicle parks and trailer parks",Number,Slovenia,2016,2232678,,
ESTAT:TOUR_OCC_NINATDC(1.0),23/04/26 23:00:00,Annual,Total,Coastal areas,"Hotels; holiday and other short-stay accommodation; camping grounds, recreational vehicle parks and trailer parks",Number,Slovenia,2017,2465701,,
ESTAT:TOUR_OCC_NINATDC(1.0),23/04/26 23:00:00,Annual,Total,Coastal areas,"Hotels; holiday and other short-stay accommodation; camping grounds, recreational vehicle parks and trailer parks",Number,Slovenia,2019,2999427,,
ESTAT:TOUR_OCC_NINATDC(1.0),23/04/26 23:00:00,Annual,Total,Coastal areas,"Hotels; holiday and other short-stay accommodation; camping grounds, recreational vehicle parks and trailer parks",Number,Slovenia,2020,2204448,,
ESTAT:TOUR_OCC_NINATDC(1.0),23/04/26 23:00:00,Annual,Total,Coastal areas,"Hotels; holiday and other short-stay accommodation; camping grounds, recreational vehicle parks and trailer parks",Number,Slovenia,2021,2650913,,
ESTAT:TOUR_OCC_NINATDC(1.0),23/04/26 23:00:00,Annual,Total,Coastal areas,"Hotels; holiday and other short-stay accommodation; camping grounds, recreational vehicle parks and trailer parks",Number,Slovenia,2022,3058493,,
ESTAT:TOUR_OCC_NINATDC(1.0),23/04/26 23:00:00,Annual,Total,Coastal areas,"Hotels; holiday and other short-stay accommodation; camping grounds, recreational vehicle parks and trailer parks",Number,Slovenia,2023,3052674,,
ESTAT:TOUR_OCC_NINATDC(1.0),23/04/26 23:00:00,Annual,Total,Coastal areas,"Hotels; holiday and other short-stay accommodation; camping grounds, recreational vehicle parks and trailer parks",Number,Slovenia,2024,3135903,,
ESTAT:TOUR_OCC_NINATDC(1.0),23/04/26 23:00:00,Annual,Total,Coastal areas,"Hotels; holiday and other short-stay accommodation; camping grounds, recreational vehicle parks and trailer parks",Number,Slovakia,2012,0,,
ESTAT:TOUR_OCC_NINATDC(1.0),23/04/26 23:00:00,Annual,Total,Coastal areas,"Hotels; holiday and other short-stay accommodation; camping grounds, recreational vehicle parks and trailer parks",Number,Slovakia,2013,0,,
ESTAT:TOUR_OCC_NINATDC(1.0),23/04/26 23:00:00,Annual,Total,Coastal areas,"Hotels; holiday and other short-stay accommodation; camping grounds, recreational vehicle parks and trailer parks",Number,Slovakia,2014,0,,
ESTAT:TOUR_OCC_NINATDC(1.0),23/04/26 23:00:00,Annual,Total,Coastal areas,"Hotels; holiday and other short-stay accommodation; camping grounds, recreational vehicle parks and trailer parks",Number,Slovakia,2015,0,,
ESTAT:TOUR_OCC_NINATDC(1.0),23/04/26 23:00:00,Annual,Total,Coastal areas,"Hotels; holiday and other short-stay accommodation; camping grounds, recreational vehicle parks and trailer parks",Number,Slovakia,2016,0,,
ESTAT:TOUR_OCC_NINATDC(1.0),23/04/26 23:00:00,Annual,Total,Coastal areas,"Hotels; holiday and other short-stay accommodation; camping grounds, recreational vehicle parks and trailer parks",Number,Slovakia,2017,0,,
ESTAT:TOUR_OCC_NINATDC(1.0),23/04/26 23:00:00,Annual,Total,Coastal areas,"Hotels; holiday and other short-stay accommodation; camping grounds, recreational vehicle parks and trailer parks",Number,Slovakia,2018,0,,
ESTAT:TOUR_OCC_NINATDC(1.0),23/04/26 23:00:00,Annual,Total,Coastal areas,"Hotels; holiday and other short-stay accommodation; camping grounds, recreational vehicle parks and trailer parks",Number,Slovakia,2019,0,,
ESTAT:TOUR_OCC_NINATDC(1.0),23/04/26 23:00:00,Annual,Total,Coastal areas,"Hotels; holiday and other short-stay accommodation; camping grounds, recreational vehicle parks and trailer parks",Number,Slovakia,2020,0,,
ESTAT:TOUR_OCC_NINATDC(1.0),23/04/26 23:00:00,Annual,Total,Coastal areas,"Hotels; holiday and other short-stay accommodation; camping grounds, recreational vehicle parks and trailer parks",Number,Slovakia,2021,0,,
ESTAT:TOUR_OCC_NINATDC(1.0),23/04/26 23:00:00,Annual,Total,Coastal areas,"Hotels; holiday and other short-stay accommodation; camping grounds, recreational vehicle parks and trailer parks",Number,Slovakia,2022,0,,
ESTAT:TOUR_OCC_NINATDC(1.0),23/04/26 23:00:00,Annual,Total,Coastal areas,"Hotels; holiday and other short-stay accommodation; camping grounds, recreational vehicle parks and trailer parks",Number,Slovakia,2023,0,,
ESTAT:TOUR_OCC_NINATDC(1.0),23/04/26 23:00:00,Annual,Total,Coastal areas,"Hotels; holiday and other short-stay accommodation; camping grounds, recreational vehicle parks and trailer parks",Number,Slovakia,2024,0,,
ESTAT:TOUR_OCC_NINATDC(1.0),23/04/26 23:00:00,Annual,Total,Coastal areas,"Hotels; holiday and other short-stay accommodation; camping grounds, recreational vehicle parks and trailer parks",Number,United Kingdom,2012,140302228,,
ESTAT:TOUR_OCC_NINATDC(1.0),23/04/26 23:00:00,Annual,Total,Coastal areas,"Hotels; holiday and other short-stay accommodation; camping grounds, recreational vehicle parks and trailer parks",Number,United Kingdom,2014,157169720,,
ESTAT:TOUR_OCC_NINATDC(1.0),23/04/26 23:00:00,Annual,Total,Coastal areas,"Hotels; holiday and other short-stay accommodation; camping grounds, recreational vehicle parks and trailer parks",Number,United Kingdom,2015,172903671,,
ESTAT:TOUR_OCC_NINATDC(1.0),23/04/26 23:00:00,Annual,Total,Coastal areas,"Hotels; holiday and other short-stay accommodation; camping grounds, recreational vehicle parks and trailer parks",Number,United Kingdom,2016,179965092,,
